sourcePostingId,canonicalPostedAt,periodMonth,canonicalPostedAtSourceField,postingKind,rawDeclaredFlag,rawManifestFlag,rawFileExistsFlag,rawSha256MatchFlag,rawExistenceMismatchFlag,rawSha256Expected,rawSha256Actual,rawPath,semanticRecoveryVersion,semanticRecoveryProvenance
118646,,,,recruitNewGrad,False,False,False,False,False,,,,p4-semantic-recovery-v4.0.0,OBSERVED_DETERMINISTIC_NO_IMPUTATION
120172,,,,recruitNewGrad,False,False,False,False,False,,,,p4-semantic-recovery-v4.0.0,OBSERVED_DETERMINISTIC_NO_IMPUTATION
122078,,,,recruitIntern,False,False,False,False,False,,,,p4-semantic-recovery-v4.0.0,OBSERVED_DETERMINISTIC_NO_IMPUTATION
123336,,,,recruitNewGrad,False,False,False,False,False,,,,p4-semantic-recovery-v4.0.0,OBSERVED_DETERMINISTIC_NO_IMPUTATION
123401,,,,recruitIntern,False,False,False,False,False,,,,p4-semantic-recovery-v4.0.0,OBSERVED_DETERMINISTIC_NO_IMPUTATION
123696,,,,recruitUnknown,False,False,False,False,False,,,,p4-semantic-recovery-v4.0.0,OBSERVED_DETERMINISTIC_NO_IMPUTATION
123708,,,,recruitUnknown,False,False,False,False,False,,,,p4-semantic-recovery-v4.0.0,OBSERVED_DETERMINISTIC_NO_IMPUTATION
123709,,,,recruitUnknown,False,False,False,False,False,,,,p4-semantic-recovery-v4.0.0,OBSERVED_DETERMINISTIC_NO_IMPUTATION
123710,,,,recruitUnknown,False,False,False,False,False,,,,p4-semantic-recovery-v4.0.0,OBSERVED_DETERMINISTIC_NO_IMPUTATION
123711,,,,recruitUnknown,False,False,False,False,False,,,,p4-semantic-recovery-v4.0.0,OBSERVED_DETERMINISTIC_NO_IMPUTATION
123760,,,,recruitUnknown,False,False,False,False,False,,,,p4-semantic-recovery-v4.0.0,OBSERVED_DETERMINISTIC_NO_IMPUTATION
123910,,,,recruitNewGrad,False,False,False,False,False,,,,p4-semantic-recovery-v4.0.0,OBSERVED_DETERMINISTIC_NO_IMPUTATION
123911,,,,recruitUnknown,False,False,False,False,False,,,,p4-semantic-recovery-v4.0.0,OBSERVED_DETERMINISTIC_NO_IMPUTATION
123912,,,,recruitUnknown,False,False,False,False,False,,,,p4-semantic-recovery-v4.0.0,OBSERVED_DETERMINISTIC_NO_IMPUTATION
123915,,,,recruitIntern,False,False,False,False,False,,,,p4-semantic-recovery-v4.0.0,OBSERVED_DETERMINISTIC_NO_IMPUTATION
123917,,,,recruitUnknown,False,False,False,False,False,,,,p4-semantic-recovery-v4.0.0,OBSERVED_DETERMINISTIC_NO_IMPUTATION
124317,,,,recruitNewGrad,False,False,False,False,False,,,,p4-semantic-recovery-v4.0.0,OBSERVED_DETERMINISTIC_NO_IMPUTATION
127714,,,,recruitUnknown,False,False,False,False,False,,,,p4-semantic-recovery-v4.0.0,OBSERVED_DETERMINISTIC_NO_IMPUTATION
171480,,,,recruitNewGrad,False,False,False,False,False,,,,p4-semantic-recovery-v4.0.0,OBSERVED_DETERMINISTIC_NO_IMPUTATION
171491,,,,recruitNewGrad,False,False,False,False,False,,,,p4-semantic-recovery-v4.0.0,OBSERVED_DETERMINISTIC_NO_IMPUTATION
171492,,,,recruitNewGrad,False,False,False,False,False,,,,p4-semantic-recovery-v4.0.0,OBSERVED_DETERMINISTIC_NO_IMPUTATION
171493,,,,recruitNewGrad,False,False,False,False,False,,,,p4-semantic-recovery-v4.0.0,OBSERVED_DETERMINISTIC_NO_IMPUTATION
171494,,,,recruitNewGrad,False,False,False,False,False,,,,p4-semantic-recovery-v4.0.0,OBSERVED_DETERMINISTIC_NO_IMPUTATION
171820,,,,recruitNewGrad,False,False,False,False,False,,,,p4-semantic-recovery-v4.0.0,OBSERVED_DETERMINISTIC_NO_IMPUTATION
171898,,,,recruitNewGrad,False,False,False,False,False,,,,p4-semantic-recovery-v4.0.0,OBSERVED_DETERMINISTIC_NO_IMPUTATION
171900,,,,recruitNewGrad,False,False,False,False,False,,,,p4-semantic-recovery-v4.0.0,OBSERVED_DETERMINISTIC_NO_IMPUTATION
171907,,,,recruitNewGrad,False,False,False,False,False,,,,p4-semantic-recovery-v4.0.0,OBSERVED_DETERMINISTIC_NO_IMPUTATION
171909,,,,recruitNewGrad,False,False,False,False,False,,,,p4-semantic-recovery-v4.0.0,OBSERVED_DETERMINISTIC_NO_IMPUTATION
171910,,,,recruitIntern,False,False,False,False,False,,,,p4-semantic-recovery-v4.0.0,OBSERVED_DETERMINISTIC_NO_IMPUTATION
172119,,,,recruitIntern,False,False,False,False,False,,,,p4-semantic-recovery-v4.0.0,OBSERVED_DETERMINISTIC_NO_IMPUTATION
172417,,,,recruitNewGrad,False,False,False,False,False,,,,p4-semantic-recovery-v4.0.0,OBSERVED_DETERMINISTIC_NO_IMPUTATION
172557,,,,recruitIntern,False,False,False,False,False,,,,p4-semantic-recovery-v4.0.0,OBSERVED_DETERMINISTIC_NO_IMPUTATION
172558,,,,recruitIntern,False,False,False,False,False,,,,p4-semantic-recovery-v4.0.0,OBSERVED_DETERMINISTIC_NO_IMPUTATION
173173,,,,recruitUnknown,False,False,False,False,False,,,,p4-semantic-recovery-v4.0.0,OBSERVED_DETERMINISTIC_NO_IMPUTATION
173174,,,,recruitUnknown,False,False,False,False,False,,,,p4-semantic-recovery-v4.0.0,OBSERVED_DETERMINISTIC_NO_IMPUTATION
173928,,,,recruitNewGrad,False,False,False,False,False,,,,p4-semantic-recovery-v4.0.0,OBSERVED_DETERMINISTIC_NO_IMPUTATION
225762,,,,recruitNewGrad,False,False,False,False,False,,,,p4-semantic-recovery-v4.0.0,OBSERVED_DETERMINISTIC_NO_IMPUTATION
226892,,,,recruitNewGrad,False,False,False,False,False,,,,p4-semantic-recovery-v4.0.0,OBSERVED_DETERMINISTIC_NO_IMPUTATION
226921,,,,recruitUnknown,False,False,False,False,False,,,,p4-semantic-recovery-v4.0.0,OBSERVED_DETERMINISTIC_NO_IMPUTATION
226927,,,,recruitNewGrad,False,False,False,False,False,,,,p4-semantic-recovery-v4.0.0,OBSERVED_DETERMINISTIC_NO_IMPUTATION
226932,,,,recruitNewGrad,False,False,False,False,False,,,,p4-semantic-recovery-v4.0.0,OBSERVED_DETERMINISTIC_NO_IMPUTATION
227039,,,,recruitNewGrad,False,False,False,False,False,,,,p4-semantic-recovery-v4.0.0,OBSERVED_DETERMINISTIC_NO_IMPUTATION
227042,,,,recruitNewGrad,False,False,False,False,False,,,,p4-semantic-recovery-v4.0.0,OBSERVED_DETERMINISTIC_NO_IMPUTATION
227044,,,,recruitNewGrad,False,False,False,False,False,,,,p4-semantic-recovery-v4.0.0,OBSERVED_DETERMINISTIC_NO_IMPUTATION
227063,,,,recruitNewGrad,False,False,False,False,False,,,,p4-semantic-recovery-v4.0.0,OBSERVED_DETERMINISTIC_NO_IMPUTATION
227698,,,,recruitUnknown,False,False,False,False,False,,,,p4-semantic-recovery-v4.0.0,OBSERVED_DETERMINISTIC_NO_IMPUTATION
227721,,,,recruitIntern,False,False,False,False,False,,,,p4-semantic-recovery-v4.0.0,OBSERVED_DETERMINISTIC_NO_IMPUTATION
227773,,,,recruitNewGrad,False,False,False,False,False,,,,p4-semantic-recovery-v4.0.0,OBSERVED_DETERMINISTIC_NO_IMPUTATION
227783,,,,recruitNewGrad,False,False,False,False,False,,,,p4-semantic-recovery-v4.0.0,OBSERVED_DETERMINISTIC_NO_IMPUTATION
227791,,,,recruitNewGrad,False,False,False,False,False,,,,p4-semantic-recovery-v4.0.0,OBSERVED_DETERMINISTIC_NO_IMPUTATION
228141,,,,recruitUnknown,False,False,False,False,False,,,,p4-semantic-recovery-v4.0.0,OBSERVED_DETERMINISTIC_NO_IMPUTATION
228165,,,,recruitNewGrad,False,False,False,False,False,,,,p4-semantic-recovery-v4.0.0,OBSERVED_DETERMINISTIC_NO_IMPUTATION
228845,,,,recruitIntern,False,False,False,False,False,,,,p4-semantic-recovery-v4.0.0,OBSERVED_DETERMINISTIC_NO_IMPUTATION
229384,,,,recruitNewGrad,False,False,False,False,False,,,,p4-semantic-recovery-v4.0.0,OBSERVED_DETERMINISTIC_NO_IMPUTATION
279836,,,,recruitIntern,False,False,False,False,False,,,,p4-semantic-recovery-v4.0.0,OBSERVED_DETERMINISTIC_NO_IMPUTATION
303219,,,,recruitIntern,False,False,False,False,False,,,,p4-semantic-recovery-v4.0.0,OBSERVED_DETERMINISTIC_NO_IMPUTATION
303567,,,,recruitIntern,False,False,False,False,False,,,,p4-semantic-recovery-v4.0.0,OBSERVED_DETERMINISTIC_NO_IMPUTATION
303635,,,,recruitIntern,False,False,False,False,False,,,,p4-semantic-recovery-v4.0.0,OBSERVED_DETERMINISTIC_NO_IMPUTATION
303636,,,,recruitIntern,False,False,False,False,False,,,,p4-semantic-recovery-v4.0.0,OBSERVED_DETERMINISTIC_NO_IMPUTATION
303699,,,,recruitNewGrad,False,False,False,False,False,,,,p4-semantic-recovery-v4.0.0,OBSERVED_DETERMINISTIC_NO_IMPUTATION
303739,,,,recruitIntern,False,False,False,False,False,,,,p4-semantic-recovery-v4.0.0,OBSERVED_DETERMINISTIC_NO_IMPUTATION
305407,,,,recruitNewGrad,False,False,False,False,False,,,,p4-semantic-recovery-v4.0.0,OBSERVED_DETERMINISTIC_NO_IMPUTATION
305469,,,,recruitExperienced,False,False,False,False,False,,,,p4-semantic-recovery-v4.0.0,OBSERVED_DETERMINISTIC_NO_IMPUTATION
305516,,,,recruitUnknown,False,False,False,False,False,,,,p4-semantic-recovery-v4.0.0,OBSERVED_DETERMINISTIC_NO_IMPUTATION
305747,,,,recruitNewGrad,False,False,False,False,False,,,,p4-semantic-recovery-v4.0.0,OBSERVED_DETERMINISTIC_NO_IMPUTATION
305874,,,,recruitIntern,False,False,False,False,False,,,,p4-semantic-recovery-v4.0.0,OBSERVED_DETERMINISTIC_NO_IMPUTATION
305952,,,,recruitExperienced,False,False,False,False,False,,,,p4-semantic-recovery-v4.0.0,OBSERVED_DETERMINISTIC_NO_IMPUTATION
305955,,,,recruitExperienced,False,False,False,False,False,,,,p4-semantic-recovery-v4.0.0,OBSERVED_DETERMINISTIC_NO_IMPUTATION
306146,,,,recruitUnknown,False,False,False,False,False,,,,p4-semantic-recovery-v4.0.0,OBSERVED_DETERMINISTIC_NO_IMPUTATION
306256,,,,recruitUnknown,False,False,False,False,False,,,,p4-semantic-recovery-v4.0.0,OBSERVED_DETERMINISTIC_NO_IMPUTATION
306761,,,,recruitNewGrad,False,False,False,False,False,,,,p4-semantic-recovery-v4.0.0,OBSERVED_DETERMINISTIC_NO_IMPUTATION
308198,,,,recruitExperienced,False,False,False,False,False,,,,p4-semantic-recovery-v4.0.0,OBSERVED_DETERMINISTIC_NO_IMPUTATION
34376,,,,recruitIntern,False,False,False,False,False,,,,p4-semantic-recovery-v4.0.0,OBSERVED_DETERMINISTIC_NO_IMPUTATION
34379,,,,recruitIntern,False,False,False,False,False,,,,p4-semantic-recovery-v4.0.0,OBSERVED_DETERMINISTIC_NO_IMPUTATION
34380,,,,recruitIntern,False,False,False,False,False,,,,p4-semantic-recovery-v4.0.0,OBSERVED_DETERMINISTIC_NO_IMPUTATION
34460,,,,recruitUnknown,False,False,False,False,False,,,,p4-semantic-recovery-v4.0.0,OBSERVED_DETERMINISTIC_NO_IMPUTATION
34465,,,,recruitUnknown,False,False,False,False,False,,,,p4-semantic-recovery-v4.0.0,OBSERVED_DETERMINISTIC_NO_IMPUTATION
34469,,,,recruitIntern,False,False,False,False,False,,,,p4-semantic-recovery-v4.0.0,OBSERVED_DETERMINISTIC_NO_IMPUTATION
34548,,,,recruitIntern,False,False,False,False,False,,,,p4-semantic-recovery-v4.0.0,OBSERVED_DETERMINISTIC_NO_IMPUTATION
34552,,,,recruitUnknown,False,False,False,False,False,,,,p4-semantic-recovery-v4.0.0,OBSERVED_DETERMINISTIC_NO_IMPUTATION
34617,,,,recruitNewGrad,False,False,False,False,False,,,,p4-semantic-recovery-v4.0.0,OBSERVED_DETERMINISTIC_NO_IMPUTATION
34631,,,,recruitIntern,False,False,False,False,False,,,,p4-semantic-recovery-v4.0.0,OBSERVED_DETERMINISTIC_NO_IMPUTATION
34639,,,,recruitIntern,False,False,False,False,False,,,,p4-semantic-recovery-v4.0.0,OBSERVED_DETERMINISTIC_NO_IMPUTATION
34644,,,,recruitIntern,False,False,False,False,False,,,,p4-semantic-recovery-v4.0.0,OBSERVED_DETERMINISTIC_NO_IMPUTATION
34661,,,,recruitNewGrad,False,False,False,False,False,,,,p4-semantic-recovery-v4.0.0,OBSERVED_DETERMINISTIC_NO_IMPUTATION
34736,,,,recruitIntern,False,False,False,False,False,,,,p4-semantic-recovery-v4.0.0,OBSERVED_DETERMINISTIC_NO_IMPUTATION
34738,,,,recruitIntern,False,False,False,False,False,,,,p4-semantic-recovery-v4.0.0,OBSERVED_DETERMINISTIC_NO_IMPUTATION
34741,,,,recruitUnknown,False,False,False,False,False,,,,p4-semantic-recovery-v4.0.0,OBSERVED_DETERMINISTIC_NO_IMPUTATION
34827,,,,recruitUnknown,False,False,False,False,False,,,,p4-semantic-recovery-v4.0.0,OBSERVED_DETERMINISTIC_NO_IMPUTATION
36491,,,,recruitUnknown,False,False,False,False,False,,,,p4-semantic-recovery-v4.0.0,OBSERVED_DETERMINISTIC_NO_IMPUTATION
57020,2021-03-02T11:30:25+09:00,2021-03-01,createdAt,recruitIntern,False,True,True,True,True,a0f7f6bfcd41b03c22c084e088cef880c070e50b43202e5825fe0df2c1ed44f5,a0f7f6bfcd41b03c22c084e088cef880c070e50b43202e5825fe0df2c1ed44f5,data/raw/linkareer/detail/2021/03/a0f7f6bfcd41b03c22c084e088cef880c070e50b43202e5825fe0df2c1ed44f5.html.gz,p4-semantic-recovery-v4.0.0,OBSERVED_DETERMINISTIC_NO_IMPUTATION
57035,2021-03-02T12:04:34+09:00,2021-03-01,createdAt,recruitUnknown,False,True,True,True,True,8ff4fe824127a32632db38de0ca0d70133a47688dafab770fabacc49266f1dc2,8ff4fe824127a32632db38de0ca0d70133a47688dafab770fabacc49266f1dc2,data/raw/linkareer/detail/2021/03/8ff4fe824127a32632db38de0ca0d70133a47688dafab770fabacc49266f1dc2.html.gz,p4-semantic-recovery-v4.0.0,OBSERVED_DETERMINISTIC_NO_IMPUTATION
57076,2021-03-02T16:42:05+09:00,2021-03-01,createdAt,recruitUnknown,False,True,True,True,True,ee961629b7cb1352379fb838b0c8923da1edc3fe21f116fa96bb852d1371ef58,ee961629b7cb1352379fb838b0c8923da1edc3fe21f116fa96bb852d1371ef58,data/raw/linkareer/detail/2021/03/ee961629b7cb1352379fb838b0c8923da1edc3fe21f116fa96bb852d1371ef58.html.gz,p4-semantic-recovery-v4.0.0,OBSERVED_DETERMINISTIC_NO_IMPUTATION
57112,2021-03-03T11:04:04+09:00,2021-03-01,createdAt,recruitNewGrad,False,True,True,True,True,7db73da84d23a74e52678c65d425473d9cc20ef2cf61c450034dbb0d56e5e23a,7db73da84d23a74e52678c65d425473d9cc20ef2cf61c450034dbb0d56e5e23a,data/raw/linkareer/detail/2021/03/7db73da84d23a74e52678c65d425473d9cc20ef2cf61c450034dbb0d56e5e23a.html.gz,p4-semantic-recovery-v4.0.0,OBSERVED_DETERMINISTIC_NO_IMPUTATION
57113,2021-03-03T11:07:19+09:00,2021-03-01,createdAt,recruitUnknown,False,True,True,True,True,d08c890ca45f916f6a478e8e18b7aa99734b06056bf3e3c4ec3f55ee2dabf79a,d08c890ca45f916f6a478e8e18b7aa99734b06056bf3e3c4ec3f55ee2dabf79a,data/raw/linkareer/detail/2021/03/d08c890ca45f916f6a478e8e18b7aa99734b06056bf3e3c4ec3f55ee2dabf79a.html.gz,p4-semantic-recovery-v4.0.0,OBSERVED_DETERMINISTIC_NO_IMPUTATION
57115,2021-03-03T11:13:13+09:00,2021-03-01,createdAt,recruitIntern,False,True,True,True,True,e3f52a11f77022683614769c0324bfa12cf1da362e3d981d329069a5c39a9586,e3f52a11f77022683614769c0324bfa12cf1da362e3d981d329069a5c39a9586,data/raw/linkareer/detail/2021/03/e3f52a11f77022683614769c0324bfa12cf1da362e3d981d329069a5c39a9586.html.gz,p4-semantic-recovery-v4.0.0,OBSERVED_DETERMINISTIC_NO_IMPUTATION
57118,2021-03-03T11:19:32+09:00,2021-03-01,createdAt,recruitNewGrad,False,True,True,True,True,c2299f7e64e79925acf706cfbb45fb02e26a58a42f89d9b5608c6e11cd019a5c,c2299f7e64e79925acf706cfbb45fb02e26a58a42f89d9b5608c6e11cd019a5c,data/raw/linkareer/detail/2021/03/c2299f7e64e79925acf706cfbb45fb02e26a58a42f89d9b5608c6e11cd019a5c.html.gz,p4-semantic-recovery-v4.0.0,OBSERVED_DETERMINISTIC_NO_IMPUTATION
57144,2021-03-03T15:53:52+09:00,2021-03-01,createdAt,recruitNewGrad,False,True,True,True,True,ce884e1d66cb468009f39e1abc88965ff7b027789ba8f56722201c7deb2be441,ce884e1d66cb468009f39e1abc88965ff7b027789ba8f56722201c7deb2be441,data/raw/linkareer/detail/2021/03/ce884e1d66cb468009f39e1abc88965ff7b027789ba8f56722201c7deb2be441.html.gz,p4-semantic-recovery-v4.0.0,OBSERVED_DETERMINISTIC_NO_IMPUTATION
57185,2021-03-04T10:19:37+09:00,2021-03-01,createdAt,recruitIntern,False,True,True,True,True,d0fd7ac43a7dc7136bb6868b97a6db5d2d80efed0a18dd5d94e4eab902a2496e,d0fd7ac43a7dc7136bb6868b97a6db5d2d80efed0a18dd5d94e4eab902a2496e,data/raw/linkareer/detail/2021/03/d0fd7ac43a7dc7136bb6868b97a6db5d2d80efed0a18dd5d94e4eab902a2496e.html.gz,p4-semantic-recovery-v4.0.0,OBSERVED_DETERMINISTIC_NO_IMPUTATION
57188,2021-03-04T10:58:59+09:00,2021-03-01,createdAt,recruitNewGrad,False,True,True,True,True,9729485d93c130d3d69d3000dd665cafb0351553afce27affc1aba099ed9da2c,9729485d93c130d3d69d3000dd665cafb0351553afce27affc1aba099ed9da2c,data/raw/linkareer/detail/2021/03/9729485d93c130d3d69d3000dd665cafb0351553afce27affc1aba099ed9da2c.html.gz,p4-semantic-recovery-v4.0.0,OBSERVED_DETERMINISTIC_NO_IMPUTATION
57189,2021-03-04T11:01:15+09:00,2021-03-01,createdAt,recruitUnknown,False,True,True,True,True,81c58897baaa45ac4d54f1f5bd8461f520cf987eb6e4b65b4ddef50e06af00ae,81c58897baaa45ac4d54f1f5bd8461f520cf987eb6e4b65b4ddef50e06af00ae,data/raw/linkareer/detail/2021/03/81c58897baaa45ac4d54f1f5bd8461f520cf987eb6e4b65b4ddef50e06af00ae.html.gz,p4-semantic-recovery-v4.0.0,OBSERVED_DETERMINISTIC_NO_IMPUTATION
57190,2021-03-04T11:03:19+09:00,2021-03-01,createdAt,recruitUnknown,True,True,True,True,False,99f405607ec50d6c024257f59aec7fbcd1b590dabb26efb833a1ec0fd79e8709,99f405607ec50d6c024257f59aec7fbcd1b590dabb26efb833a1ec0fd79e8709,data/raw/linkareer/detail/2021/03/99f405607ec50d6c024257f59aec7fbcd1b590dabb26efb833a1ec0fd79e8709.html.gz,p4-semantic-recovery-v4.0.0,OBSERVED_DETERMINISTIC_NO_IMPUTATION
57191,2021-03-04T11:07:58+09:00,2021-03-01,createdAt,recruitUnknown,False,True,True,True,True,8217c0cb258250ceb09e6d832b2dfaa9d6a179da984b0ee3f77b7ba680111219,8217c0cb258250ceb09e6d832b2dfaa9d6a179da984b0ee3f77b7ba680111219,data/raw/linkareer/detail/2021/03/8217c0cb258250ceb09e6d832b2dfaa9d6a179da984b0ee3f77b7ba680111219.html.gz,p4-semantic-recovery-v4.0.0,OBSERVED_DETERMINISTIC_NO_IMPUTATION
57192,2021-03-04T11:12:12+09:00,2021-03-01,createdAt,recruitIntern,True,True,True,True,False,c4d68db9d9cce3e798276d64c22765f5bfa71b5acf665740661e525f32a2490d,c4d68db9d9cce3e798276d64c22765f5bfa71b5acf665740661e525f32a2490d,data/raw/linkareer/detail/2021/03/c4d68db9d9cce3e798276d64c22765f5bfa71b5acf665740661e525f32a2490d.html.gz,p4-semantic-recovery-v4.0.0,OBSERVED_DETERMINISTIC_NO_IMPUTATION
57199,2021-03-04T11:25:30+09:00,2021-03-01,createdAt,recruitUnknown,False,True,True,True,True,da0b99ea90071cd7b506bc6ee3da0aeaf5050ff318927c31de1892217550ff97,da0b99ea90071cd7b506bc6ee3da0aeaf5050ff318927c31de1892217550ff97,data/raw/linkareer/detail/2021/03/da0b99ea90071cd7b506bc6ee3da0aeaf5050ff318927c31de1892217550ff97.html.gz,p4-semantic-recovery-v4.0.0,OBSERVED_DETERMINISTIC_NO_IMPUTATION
57201,2021-03-04T11:32:24+09:00,2021-03-01,createdAt,recruitUnknown,False,True,True,True,True,48bfccdccf17ae2e62d7148a276de80d02ed4543a959a293e0a9561bc722a109,48bfccdccf17ae2e62d7148a276de80d02ed4543a959a293e0a9561bc722a109,data/raw/linkareer/detail/2021/03/48bfccdccf17ae2e62d7148a276de80d02ed4543a959a293e0a9561bc722a109.html.gz,p4-semantic-recovery-v4.0.0,OBSERVED_DETERMINISTIC_NO_IMPUTATION
57295,2021-03-05T11:12:02+09:00,2021-03-01,createdAt,recruitUnknown,True,True,True,True,False,2a61d0d2fa856c8d1a53d3858581e08c01c6d4411f77c304469b1eafccd9ef8e,2a61d0d2fa856c8d1a53d3858581e08c01c6d4411f77c304469b1eafccd9ef8e,data/raw/linkareer/detail/2021/03/2a61d0d2fa856c8d1a53d3858581e08c01c6d4411f77c304469b1eafccd9ef8e.html.gz,p4-semantic-recovery-v4.0.0,OBSERVED_DETERMINISTIC_NO_IMPUTATION
57296,2021-03-05T11:17:10+09:00,2021-03-01,createdAt,recruitUnknown,True,True,True,True,False,252071e38ccf4dc50b8b8f870adb8c90a47c1aa85261b92e0d02f1869adf0706,252071e38ccf4dc50b8b8f870adb8c90a47c1aa85261b92e0d02f1869adf0706,data/raw/linkareer/detail/2021/03/252071e38ccf4dc50b8b8f870adb8c90a47c1aa85261b92e0d02f1869adf0706.html.gz,p4-semantic-recovery-v4.0.0,OBSERVED_DETERMINISTIC_NO_IMPUTATION
57298,2021-03-05T11:26:59+09:00,2021-03-01,createdAt,recruitUnknown,True,True,True,True,False,3aa417eef672a56fcce159a0176393dc4df1cafbb86b5d5a9e827ad8a3e15c3c,3aa417eef672a56fcce159a0176393dc4df1cafbb86b5d5a9e827ad8a3e15c3c,data/raw/linkareer/detail/2021/03/3aa417eef672a56fcce159a0176393dc4df1cafbb86b5d5a9e827ad8a3e15c3c.html.gz,p4-semantic-recovery-v4.0.0,OBSERVED_DETERMINISTIC_NO_IMPUTATION
57306,2021-03-05T11:42:19+09:00,2021-03-01,createdAt,recruitUnknown,False,True,True,True,True,024b8ce6b7b2eb9d8c05f4aa05b95af611d8f1ab8732ce01cdd0d2ea31d7f842,024b8ce6b7b2eb9d8c05f4aa05b95af611d8f1ab8732ce01cdd0d2ea31d7f842,data/raw/linkareer/detail/2021/03/024b8ce6b7b2eb9d8c05f4aa05b95af611d8f1ab8732ce01cdd0d2ea31d7f842.html.gz,p4-semantic-recovery-v4.0.0,OBSERVED_DETERMINISTIC_NO_IMPUTATION
57405,2021-03-08T11:22:54+09:00,2021-03-01,createdAt,recruitUnknown,True,True,True,True,False,3920d98d42e92c2f8a3065c652f5c6aa0af998c44cb1eea704ed4b0c4f76e029,3920d98d42e92c2f8a3065c652f5c6aa0af998c44cb1eea704ed4b0c4f76e029,data/raw/linkareer/detail/2021/03/3920d98d42e92c2f8a3065c652f5c6aa0af998c44cb1eea704ed4b0c4f76e029.html.gz,p4-semantic-recovery-v4.0.0,OBSERVED_DETERMINISTIC_NO_IMPUTATION
57408,2021-03-08T11:26:07+09:00,2021-03-01,createdAt,recruitUnknown,True,True,True,True,False,12e0924a97fe7285d589855275772931a5ffca47c569b633d19fae18953ebb74,12e0924a97fe7285d589855275772931a5ffca47c569b633d19fae18953ebb74,data/raw/linkareer/detail/2021/03/12e0924a97fe7285d589855275772931a5ffca47c569b633d19fae18953ebb74.html.gz,p4-semantic-recovery-v4.0.0,OBSERVED_DETERMINISTIC_NO_IMPUTATION
57409,2021-03-08T11:28:37+09:00,2021-03-01,createdAt,recruitNewGrad,True,True,True,True,False,1076179905311c9952bf529fdea2218707afe5f0154573423c981492cbd077e3,1076179905311c9952bf529fdea2218707afe5f0154573423c981492cbd077e3,data/raw/linkareer/detail/2021/03/1076179905311c9952bf529fdea2218707afe5f0154573423c981492cbd077e3.html.gz,p4-semantic-recovery-v4.0.0,OBSERVED_DETERMINISTIC_NO_IMPUTATION
57464,2021-03-09T10:53:42+09:00,2021-03-01,createdAt,recruitUnknown,True,True,True,True,False,62ec91d3ebd44086bc1a1fe18d28f96e6e7637c3e5ede7f736058126db4ff836,62ec91d3ebd44086bc1a1fe18d28f96e6e7637c3e5ede7f736058126db4ff836,data/raw/linkareer/detail/2021/03/62ec91d3ebd44086bc1a1fe18d28f96e6e7637c3e5ede7f736058126db4ff836.html.gz,p4-semantic-recovery-v4.0.0,OBSERVED_DETERMINISTIC_NO_IMPUTATION
57465,2021-03-09T10:58:39+09:00,2021-03-01,createdAt,recruitUnknown,False,True,True,True,True,1c85f79dca27d8560c9a93913b8a9cde3fdadd6c0087e1e53c152b3261d0da87,1c85f79dca27d8560c9a93913b8a9cde3fdadd6c0087e1e53c152b3261d0da87,data/raw/linkareer/detail/2021/03/1c85f79dca27d8560c9a93913b8a9cde3fdadd6c0087e1e53c152b3261d0da87.html.gz,p4-semantic-recovery-v4.0.0,OBSERVED_DETERMINISTIC_NO_IMPUTATION
57470,2021-03-09T11:16:17+09:00,2021-03-01,createdAt,recruitUnknown,True,True,True,True,False,9c8a94dc686d9d0037d302eca6e393627e7b1979ead256a246d357bca39bedf8,9c8a94dc686d9d0037d302eca6e393627e7b1979ead256a246d357bca39bedf8,data/raw/linkareer/detail/2021/03/9c8a94dc686d9d0037d302eca6e393627e7b1979ead256a246d357bca39bedf8.html.gz,p4-semantic-recovery-v4.0.0,OBSERVED_DETERMINISTIC_NO_IMPUTATION
57585,2021-03-10T10:49:23+09:00,2021-03-01,createdAt,recruitIntern,True,True,True,True,False,21f527cc8400414969d11addc767ca96fb751fb6bdeb968e4935c05a130cf1c9,21f527cc8400414969d11addc767ca96fb751fb6bdeb968e4935c05a130cf1c9,data/raw/linkareer/detail/2021/03/21f527cc8400414969d11addc767ca96fb751fb6bdeb968e4935c05a130cf1c9.html.gz,p4-semantic-recovery-v4.0.0,OBSERVED_DETERMINISTIC_NO_IMPUTATION
58387,2021-03-23T09:19:14+09:00,2021-03-01,createdAt,recruitUnknown,False,True,True,True,True,66556ee2be76f35e9e8fc26e6b80160f38ea1dd8d15da21ffd6e90db29904030,66556ee2be76f35e9e8fc26e6b80160f38ea1dd8d15da21ffd6e90db29904030,data/raw/linkareer/detail/2021/03/66556ee2be76f35e9e8fc26e6b80160f38ea1dd8d15da21ffd6e90db29904030.html.gz,p4-semantic-recovery-v4.0.0,OBSERVED_DETERMINISTIC_NO_IMPUTATION
58388,2021-03-23T09:27:59+09:00,2021-03-01,createdAt,recruitNewGrad,False,True,True,True,True,e0d1a377e43a3b198ea384d2221fd318dc2af5bb659434b08f953cc3d7283232,e0d1a377e43a3b198ea384d2221fd318dc2af5bb659434b08f953cc3d7283232,data/raw/linkareer/detail/2021/03/e0d1a377e43a3b198ea384d2221fd318dc2af5bb659434b08f953cc3d7283232.html.gz,p4-semantic-recovery-v4.0.0,OBSERVED_DETERMINISTIC_NO_IMPUTATION
80262,,,,recruitUnknown,False,False,False,False,False,,,,p4-semantic-recovery-v4.0.0,OBSERVED_DETERMINISTIC_NO_IMPUTATION
80274,,,,recruitNewGrad,False,False,False,False,False,,,,p4-semantic-recovery-v4.0.0,OBSERVED_DETERMINISTIC_NO_IMPUTATION
80406,,,,recruitIntern,False,False,False,False,False,,,,p4-semantic-recovery-v4.0.0,OBSERVED_DETERMINISTIC_NO_IMPUTATION
80412,,,,recruitNewGrad,False,False,False,False,False,,,,p4-semantic-recovery-v4.0.0,OBSERVED_DETERMINISTIC_NO_IMPUTATION
80437,,,,recruitIntern,False,False,False,False,False,,,,p4-semantic-recovery-v4.0.0,OBSERVED_DETERMINISTIC_NO_IMPUTATION
80565,,,,recruitUnknown,False,False,False,False,False,,,,p4-semantic-recovery-v4.0.0,OBSERVED_DETERMINISTIC_NO_IMPUTATION
80566,,,,recruitUnknown,False,False,False,False,False,,,,p4-semantic-recovery-v4.0.0,OBSERVED_DETERMINISTIC_NO_IMPUTATION
80568,,,,recruitUnknown,False,False,False,False,False,,,,p4-semantic-recovery-v4.0.0,OBSERVED_DETERMINISTIC_NO_IMPUTATION
80570,,,,recruitUnknown,False,False,False,False,False,,,,p4-semantic-recovery-v4.0.0,OBSERVED_DETERMINISTIC_NO_IMPUTATION
80571,,,,recruitIntern,False,False,False,False,False,,,,p4-semantic-recovery-v4.0.0,OBSERVED_DETERMINISTIC_NO_IMPUTATION
80744,,,,recruitNewGrad,False,False,False,False,False,,,,p4-semantic-recovery-v4.0.0,OBSERVED_DETERMINISTIC_NO_IMPUTATION
80746,,,,recruitNewGrad,False,False,False,False,False,,,,p4-semantic-recovery-v4.0.0,OBSERVED_DETERMINISTIC_NO_IMPUTATION
80747,,,,recruitUnknown,False,False,False,False,False,,,,p4-semantic-recovery-v4.0.0,OBSERVED_DETERMINISTIC_NO_IMPUTATION
80750,,,,recruitUnknown,False,False,False,False,False,,,,p4-semantic-recovery-v4.0.0,OBSERVED_DETERMINISTIC_NO_IMPUTATION
80907,,,,recruitIntern,False,False,False,False,False,,,,p4-semantic-recovery-v4.0.0,OBSERVED_DETERMINISTIC_NO_IMPUTATION
81223,,,,recruitUnknown,False,False,False,False,False,,,,p4-semantic-recovery-v4.0.0,OBSERVED_DETERMINISTIC_NO_IMPUTATION
81225,,,,recruitUnknown,False,False,False,False,False,,,,p4-semantic-recovery-v4.0.0,OBSERVED_DETERMINISTIC_NO_IMPUTATION
82542,,,,recruitUnknown,False,False,False,False,False,,,,p4-semantic-recovery-v4.0.0,OBSERVED_DETERMINISTIC_NO_IMPUTATION
