baseCommit,headCommit,acceptedAgentCommits,dataVersion,runId,contractVersion,sourceNotebookManifestSha256,rawObjectManifestSha256,validatorReportSha256,reportSha256,defectId,severity,status,finding,downstreamGate,owner
5508fce02ba5396b5d5a55870f1f879c1f32e8e0,e903d3a1d5f919cf7a117d8e351750ab9dc840f2,NONE,reconciliation-20260807.1,M1_5_RECONCILIATION_20260807_01,2.1.2,SEE_EVIDENCE_MANIFEST,f12680f1d598f70df576f0af4743c5e9c49df7caf16eccb1d898bded5eb3dfbe,NOT_AVAILABLE_PRECONDITION_BLOCKED,SEE_EVIDENCE_MANIFEST,P1-RECON-001,P1,OPEN,"A1 handoff candidate consumption conflicts with retained control contracts: crawl/control integration test 70 pass, 8 fail",BLOCKED,A1/A2/A3/A4 as assigned
5508fce02ba5396b5d5a55870f1f879c1f32e8e0,e903d3a1d5f919cf7a117d8e351750ab9dc840f2,NONE,reconciliation-20260807.1,M1_5_RECONCILIATION_20260807_01,2.1.2,SEE_EVIDENCE_MANIFEST,f12680f1d598f70df576f0af4743c5e9c49df7caf16eccb1d898bded5eb3dfbe,NOT_AVAILABLE_PRECONDITION_BLOCKED,SEE_EVIDENCE_MANIFEST,P1-RECON-002,P1,OPEN,A1 current-run exact-one is 5/5 but downstream is 0/18; reconciliation replay 0/23,BLOCKED,A1/A2/A3/A4 as assigned
5508fce02ba5396b5d5a55870f1f879c1f32e8e0,e903d3a1d5f919cf7a117d8e351750ab9dc840f2,NONE,reconciliation-20260807.1,M1_5_RECONCILIATION_20260807_01,2.1.2,SEE_EVIDENCE_MANIFEST,f12680f1d598f70df576f0af4743c5e9c49df7caf16eccb1d898bded5eb3dfbe,NOT_AVAILABLE_PRECONDITION_BLOCKED,SEE_EVIDENCE_MANIFEST,P1-RECON-003,P1,OPEN,M2 preflight is a separate fail-closed packet and cannot be promoted while A2/A4 reconciliation is rejected or insufficient,BLOCKED,A1/A2/A3/A4 as assigned
5508fce02ba5396b5d5a55870f1f879c1f32e8e0,e903d3a1d5f919cf7a117d8e351750ab9dc840f2,NONE,reconciliation-20260807.1,M1_5_RECONCILIATION_20260807_01,2.1.2,SEE_EVIDENCE_MANIFEST,f12680f1d598f70df576f0af4743c5e9c49df7caf16eccb1d898bded5eb3dfbe,NOT_AVAILABLE_PRECONDITION_BLOCKED,SEE_EVIDENCE_MANIFEST,P1-RECON-004,P1,OPEN,raw bytes are portable only through the runtime mount policy; 18 posting flag-drift rows remain quarantined,BLOCKED,A1/A2/A3/A4 as assigned
5508fce02ba5396b5d5a55870f1f879c1f32e8e0,e903d3a1d5f919cf7a117d8e351750ab9dc840f2,NONE,reconciliation-20260807.1,M1_5_RECONCILIATION_20260807_01,2.1.2,SEE_EVIDENCE_MANIFEST,f12680f1d598f70df576f0af4743c5e9c49df7caf16eccb1d898bded5eb3dfbe,NOT_AVAILABLE_PRECONDITION_BLOCKED,SEE_EVIDENCE_MANIFEST,P1-RECON-005,P1,OPEN,canonical export postingKind is invalid 137/137,BLOCKED,A1/A2/A3/A4 as assigned
5508fce02ba5396b5d5a55870f1f879c1f32e8e0,e903d3a1d5f919cf7a117d8e351750ab9dc840f2,NONE,reconciliation-20260807.1,M1_5_RECONCILIATION_20260807_01,2.1.2,SEE_EVIDENCE_MANIFEST,f12680f1d598f70df576f0af4743c5e9c49df7caf16eccb1d898bded5eb3dfbe,NOT_AVAILABLE_PRECONDITION_BLOCKED,SEE_EVIDENCE_MANIFEST,P1-RECON-006,P1,OPEN,canonical date/month/company coverage is 0/137 and recovery is not consumed,BLOCKED,A1/A2/A3/A4 as assigned
5508fce02ba5396b5d5a55870f1f879c1f32e8e0,e903d3a1d5f919cf7a117d8e351750ab9dc840f2,NONE,reconciliation-20260807.1,M1_5_RECONCILIATION_20260807_01,2.1.2,SEE_EVIDENCE_MANIFEST,f12680f1d598f70df576f0af4743c5e9c49df7caf16eccb1d898bded5eb3dfbe,NOT_AVAILABLE_PRECONDITION_BLOCKED,SEE_EVIDENCE_MANIFEST,P1-RECON-007,P1,OPEN,A4 has no base-5508 v4 execution authority or mapping-to-mart handoff,BLOCKED,A1/A2/A3/A4 as assigned
5508fce02ba5396b5d5a55870f1f879c1f32e8e0,e903d3a1d5f919cf7a117d8e351750ab9dc840f2,NONE,reconciliation-20260807.1,M1_5_RECONCILIATION_20260807_01,2.1.2,SEE_EVIDENCE_MANIFEST,f12680f1d598f70df576f0af4743c5e9c49df7caf16eccb1d898bded5eb3dfbe,NOT_AVAILABLE_PRECONDITION_BLOCKED,SEE_EVIDENCE_MANIFEST,P1-RECON-008,P1,OPEN,official mapping level/band reaches 0 canonical mart rows,BLOCKED,A1/A2/A3/A4 as assigned
5508fce02ba5396b5d5a55870f1f879c1f32e8e0,e903d3a1d5f919cf7a117d8e351750ab9dc840f2,NONE,reconciliation-20260807.1,M1_5_RECONCILIATION_20260807_01,2.1.2,SEE_EVIDENCE_MANIFEST,f12680f1d598f70df576f0af4743c5e9c49df7caf16eccb1d898bded5eb3dfbe,NOT_AVAILABLE_PRECONDITION_BLOCKED,SEE_EVIDENCE_MANIFEST,P1-RECON-009,P1,OPEN,"HUMAN_GOLD, dual coding and adjudication are all zero",BLOCKED,A1/A2/A3/A4 as assigned
5508fce02ba5396b5d5a55870f1f879c1f32e8e0,e903d3a1d5f919cf7a117d8e351750ab9dc840f2,NONE,reconciliation-20260807.1,M1_5_RECONCILIATION_20260807_01,2.1.2,SEE_EVIDENCE_MANIFEST,f12680f1d598f70df576f0af4743c5e9c49df7caf16eccb1d898bded5eb3dfbe,NOT_AVAILABLE_PRECONDITION_BLOCKED,SEE_EVIDENCE_MANIFEST,P1-RECON-010,P1,OPEN,strict validator has no current-run input because replay preconditions failed,BLOCKED,A1/A2/A3/A4 as assigned
5508fce02ba5396b5d5a55870f1f879c1f32e8e0,e903d3a1d5f919cf7a117d8e351750ab9dc840f2,NONE,reconciliation-20260807.1,M1_5_RECONCILIATION_20260807_01,2.1.2,SEE_EVIDENCE_MANIFEST,f12680f1d598f70df576f0af4743c5e9c49df7caf16eccb1d898bded5eb3dfbe,NOT_AVAILABLE_PRECONDITION_BLOCKED,SEE_EVIDENCE_MANIFEST,P1-RECON-011,P1,OPEN,A5 independent PASS is unavailable,BLOCKED,A1/A2/A3/A4 as assigned
