component_id,agent_id,component,branch,local_head,remote_head,ahead,behind,dirty_tracked,dirty_untracked,ignored_runtime,status,evidence,finding
P4-A1-SOURCE,P4-A1-SOURCE,Source Acquisition,agent/p4-crawl-release-v2,00b2e6b832b0b07d09f9c99d8c1f623c7976f69d,3ad43c39dd01933575529e0c81d9809dc64c4e57,2,10,0,0,43,PARTIAL,/home/sieg/projects-wsl/worktrees/p4-agent1,clean worktree but divergent; 29 raw HTML gzip and 14 pycache ignored
P4-A2-PIPELINE,P4-A2-PIPELINE,Pipeline,agent/p4-pipeline-v2,9a0571dbcc0183960bda153baedcd0a2c9dc8248,9a0571dbcc0183960bda153baedcd0a2c9dc8248,0,0,NOT_EVALUATED,NOT_EVALUATED,NOT_EVALUATED,PASS_WITH_FINDINGS,/tmp/p4-agent2-observed (missing/prunable),"refs are in parity; registered branch worktree is missing, so dirty state is not evaluable"
P4-A3-CONTROL,P4-A3-CONTROL,Control Plane,agent/p4-integration-cleanup-v2,b64270bd4ab839ec750a4ceceb08d57957c88782,b64270bd4ab839ec750a4ceceb08d57957c88782,0,0,0,0,64,PASS_WITH_FINDINGS,/home/sieg/projects-wsl/worktrees/p4-agent3-cleanup,contract and control evidence are in parity; integration/ root absent; runtime-only bundle files not frozen
P4-A4-NCS,P4-A4-NCS,NCS Mapping,agent/p4-ncs-mapping-v2,7a9feccc7a2fc99b8b86b95bdb73699620bc7ff0,7a9feccc7a2fc99b8b86b95bdb73699620bc7ff0,0,0,0,0,5,PASS_WITH_FINDINGS,/home/sieg/projects-wsl/worktrees/p4-agent4,branch parity and 35 tests pass; ignored mode-600 .env exists; gold gate not evaluated
A1-PACKAGE,P4-A1-SOURCE,Python package/CLI,agent/p4-crawl-release-v2,00b2e6b832b0b07d09f9c99d8c1f623c7976f69d,3ad43c39dd01933575529e0c81d9809dc64c4e57,2,10,,,,PASS_WITH_FINDINGS,repository and artifact forensic audit 2026-08-06,crawl/src/p4_crawl; no dedicated console-script packaging
A1-POLICY,P4-A1-SOURCE,source policy implementation,agent/p4-crawl-release-v2,00b2e6b832b0b07d09f9c99d8c1f623c7976f69d,3ad43c39dd01933575529e0c81d9809dc64c4e57,2,10,,,,PASS_WITH_FINDINGS,repository and artifact forensic audit 2026-08-06,policy guard implemented; human production approval missing
A1-QUERY,P4-A1-SOURCE,query registry,agent/p4-crawl-release-v2,00b2e6b832b0b07d09f9c99d8c1f623c7976f69d,3ad43c39dd01933575529e0c81d9809dc64c4e57,2,10,,,,PASS_WITH_FINDINGS,repository and artifact forensic audit 2026-08-06,APQ registry active; range semantics documentation drift
A1-PAGINATION,P4-A1-SOURCE,pagination,agent/p4-crawl-release-v2,00b2e6b832b0b07d09f9c99d8c1f623c7976f69d,3ad43c39dd01933575529e0c81d9809dc64c4e57,2,10,,,,PARTIAL,repository and artifact forensic audit 2026-08-06,21/79 target months verified
A1-DETAIL,P4-A1-SOURCE,detail collector,agent/p4-crawl-release-v2,00b2e6b832b0b07d09f9c99d8c1f623c7976f69d,3ad43c39dd01933575529e0c81d9809dc64c4e57,2,10,,,,PARTIAL,repository and artifact forensic audit 2026-08-06,collector exists; 29/137 raw SSR
A1-ASSET,P4-A1-SOURCE,asset collector,agent/p4-crawl-release-v2,00b2e6b832b0b07d09f9c99d8c1f623c7976f69d,3ad43c39dd01933575529e0c81d9809dc64c4e57,2,10,,,,PARTIAL,repository and artifact forensic audit 2026-08-06,collector exists; asset rows 0 and period hardcode
A1-RELEASE,P4-A1-SOURCE,production release,agent/p4-crawl-release-v2,00b2e6b832b0b07d09f9c99d8c1f623c7976f69d,3ad43c39dd01933575529e0c81d9809dc64c4e57,2,10,,,,BLOCKED,repository and artifact forensic audit 2026-08-06,candidate only; full corpus and validator absent
A2-CONTRACT,P4-A2-PIPELINE,contract consumer,agent/p4-pipeline-v2,9a0571dbcc0183960bda153baedcd0a2c9dc8248,9a0571dbcc0183960bda153baedcd0a2c9dc8248,0,0,,,,PASS_WITH_FINDINGS,repository and artifact forensic audit 2026-08-06,v2.1.2 loader and release validation implemented
A2-PARSER,P4-A2-PIPELINE,SSR/APQ/ActivityText parser,agent/p4-pipeline-v2,9a0571dbcc0183960bda153baedcd0a2c9dc8248,9a0571dbcc0183960bda153baedcd0a2c9dc8248,0,0,,,,PASS_WITH_FINDINGS,repository and artifact forensic audit 2026-08-06,fallback implemented; raw only 29
A2-NORMALIZE,P4-A2-PIPELINE,normalize and eligibility,agent/p4-pipeline-v2,9a0571dbcc0183960bda153baedcd0a2c9dc8248,9a0571dbcc0183960bda153baedcd0a2c9dc8248,0,0,,,,PASS_WITH_FINDINGS,repository and artifact forensic audit 2026-08-06,explicit eligibility flags; canonical enum gaps remain
A2-TRACK,P4-A2-PIPELINE,track/section,agent/p4-pipeline-v2,9a0571dbcc0183960bda153baedcd0a2c9dc8248,9a0571dbcc0183960bda153baedcd0a2c9dc8248,0,0,,,,PARTIAL,repository and artifact forensic audit 2026-08-06,observed path is one track per posting; sections 84
A2-REQ,P4-A2-PIPELINE,requirements,agent/p4-pipeline-v2,9a0571dbcc0183960bda153baedcd0a2c9dc8248,9a0571dbcc0183960bda153baedcd0a2c9dc8248,0,0,,,,PARTIAL,repository and artifact forensic audit 2026-08-06,35 facts; canonical requirementType invalid
A2-DEDUP,P4-A2-PIPELINE,90-day dedup,agent/p4-pipeline-v2,9a0571dbcc0183960bda153baedcd0a2c9dc8248,9a0571dbcc0183960bda153baedcd0a2c9dc8248,0,0,,,,PASS_WITH_FINDINGS,repository and artifact forensic audit 2026-08-06,implementation exists; observed result all singleton
A2-LABEL,P4-A2-PIPELINE,career/intern labels,agent/p4-pipeline-v2,9a0571dbcc0183960bda153baedcd0a2c9dc8248,9a0571dbcc0183960bda153baedcd0a2c9dc8248,0,0,,,,BLOCKED,repository and artifact forensic audit 2026-08-06,career U 137; intern IU 35
A2-NCS,P4-A2-PIPELINE,NCS adapter,agent/p4-pipeline-v2,9a0571dbcc0183960bda153baedcd0a2c9dc8248,9a0571dbcc0183960bda153baedcd0a2c9dc8248,0,0,,,,PASS_WITH_FINDINGS,repository and artifact forensic audit 2026-08-06,"13,442 source; 128 candidates; 28 matches; review-only"
A2-EXPORT,P4-A2-PIPELINE,CSV/Parquet exporter,agent/p4-pipeline-v2,9a0571dbcc0183960bda153baedcd0a2c9dc8248,9a0571dbcc0183960bda153baedcd0a2c9dc8248,0,0,,,,PASS_WITH_FINDINGS,repository and artifact forensic audit 2026-08-06,8/8 semantic equality; duplicate bundle ID divergence
A2-QA,P4-A2-PIPELINE,structural QA,agent/p4-pipeline-v2,9a0571dbcc0183960bda153baedcd0a2c9dc8248,9a0571dbcc0183960bda153baedcd0a2c9dc8248,0,0,,,,PASS_WITH_FINDINGS,repository and artifact forensic audit 2026-08-06,24 listed checks pass but canonical enum violations escaped
A2-WAREHOUSE,P4-A2-PIPELINE,canonical/observed DB isolation,agent/p4-pipeline-v2,9a0571dbcc0183960bda153baedcd0a2c9dc8248,9a0571dbcc0183960bda153baedcd0a2c9dc8248,0,0,,,,PASS_WITH_FINDINGS,repository and artifact forensic audit 2026-08-06,canonical 26 base tables empty; observed DB matches pipeline copy
A3-CONTRACT,P4-A3-CONTROL,contract v2.1.2,agent/p4-integration-cleanup-v2,b64270bd4ab839ec750a4ceceb08d57957c88782,b64270bd4ab839ec750a4ceceb08d57957c88782,0,0,,,,PASS,repository and artifact forensic audit 2026-08-06,"11/11 checksums; 5 schemas, 26 tables, 6 views"
A3-NOTEBOOK,P4-A3-CONTROL,Notebook control,agent/p4-integration-cleanup-v2,b64270bd4ab839ec750a4ceceb08d57957c88782,b64270bd4ab839ec750a4ceceb08d57957c88782,0,0,,,,PASS_WITH_FINDINGS,repository and artifact forensic audit 2026-08-06,24-source master bundle; runtime-only evidence finding
A3-INTEGRATION,P4-A3-CONTROL,integration promotion,agent/p4-integration-cleanup-v2,b64270bd4ab839ec750a4ceceb08d57957c88782,b64270bd4ab839ec750a4ceceb08d57957c88782,0,0,,,,PARTIAL,repository and artifact forensic audit 2026-08-06,integration root absent; production promotion blocked
A4-SOURCE,P4-A4-NCS,NCS source/normalize,agent/p4-ncs-mapping-v2,7a9feccc7a2fc99b8b86b95bdb73699620bc7ff0,7a9feccc7a2fc99b8b86b95bdb73699620bc7ff0,0,0,,,,PASS_WITH_FINDINGS,repository and artifact forensic audit 2026-08-06,"13,442 unique; hierarchy names absent"
A4-CODESET,P4-A4-NCS,core AI/IT set,agent/p4-ncs-mapping-v2,7a9feccc7a2fc99b8b86b95bdb73699620bc7ff0,7a9feccc7a2fc99b8b86b95bdb73699620bc7ff0,0,0,,,,PARTIAL,repository and artifact forensic audit 2026-08-06,"120 review rows: 69 included, 51 excluded"
A4-ALIAS,P4-A4-NCS,alias dictionary,agent/p4-ncs-mapping-v2,7a9feccc7a2fc99b8b86b95bdb73699620bc7ff0,7a9feccc7a2fc99b8b86b95bdb73699620bc7ff0,0,0,,,,PARTIAL,repository and artifact forensic audit 2026-08-06,"10 draft seeds, 0 observed hits"
A4-RETRIEVAL,P4-A4-NCS,lexical retrieval,agent/p4-ncs-mapping-v2,7a9feccc7a2fc99b8b86b95bdb73699620bc7ff0,7a9feccc7a2fc99b8b86b95bdb73699620bc7ff0,0,0,,,,PASS_WITH_FINDINGS,repository and artifact forensic audit 2026-08-06,691 docs; candidates limited to included codes; dense not run
A4-MAPPING,P4-A4-NCS,batch mapping,agent/p4-ncs-mapping-v2,7a9feccc7a2fc99b8b86b95bdb73699620bc7ff0,7a9feccc7a2fc99b8b86b95bdb73699620bc7ff0,0,0,,,,PASS_WITH_FINDINGS,repository and artifact forensic audit 2026-08-06,28 duties; 27 mapped; one unmapped
A4-GOLD,P4-A4-NCS,gold evaluator,agent/p4-ncs-mapping-v2,7a9feccc7a2fc99b8b86b95bdb73699620bc7ff0,7a9feccc7a2fc99b8b86b95bdb73699620bc7ff0,0,0,,,,NOT_EVALUATED,repository and artifact forensic audit 2026-08-06,zero-row structural evaluator; production performance unavailable
