runId,dataVersion,approvalId,gitSha,requestCount,manifestSha256,command,exitCode,policyVersion,gateId,status,observed,expected,evidence
CANARY_T0_20260807_03,NONE,NONE,85567ec86879e0e31ada4bcce3b2cbd03e171739,0,85e71de36428b1473187badcdd5cce153479f30658f202525bf43a995169a5bd,python3 integration/validate_canary_handoff.py [redacted portable arguments],2,NOT_EVALUATED,CANARY_REQUIRED_EVIDENCE,FAIL,0,16,canary_plan.json;approval_binding.json;request_attempt.jsonl;request_response_manifest.jsonl;checkpoint_manifest.json;raw_object_manifest.jsonl;index_results.parquet;detail_results.parquet;asset_results.parquet;canary_coverage.csv;kill_switch_events.jsonl;quarantine_manifest.jsonl;stage_manifest.json;stage_metrics.json;stage_quality.csv;CHECKSUMS.sha256
CANARY_T0_20260807_03,NONE,NONE,85567ec86879e0e31ada4bcce3b2cbd03e171739,0,85e71de36428b1473187badcdd5cce153479f30658f202525bf43a995169a5bd,python3 integration/validate_canary_handoff.py [redacted portable arguments],2,NOT_EVALUATED,CANARY_POLICY,FAIL,1,0,CANARY_APPROVAL_MISSING
CANARY_T0_20260807_03,NONE,NONE,85567ec86879e0e31ada4bcce3b2cbd03e171739,0,85e71de36428b1473187badcdd5cce153479f30658f202525bf43a995169a5bd,python3 integration/validate_canary_handoff.py [redacted portable arguments],2,NOT_EVALUATED,CANARY_REQUEST_RAW_CHECKPOINT,NOT_EVALUATED,16,0,REQUIRED_ARTIFACT_MISSING:canary_plan.json;REQUIRED_ARTIFACT_MISSING:approval_binding.json;REQUIRED_ARTIFACT_MISSING:request_attempt.jsonl;REQUIRED_ARTIFACT_MISSING:request_response_manifest.jsonl;REQUIRED_ARTIFACT_MISSING:checkpoint_manifest.json;REQUIRED_ARTIFACT_MISSING:raw_object_manifest.jsonl;REQUIRED_ARTIFACT_MISSING:index_results.parquet;REQUIRED_ARTIFACT_MISSING:detail_results.parquet;REQUIRED_ARTIFACT_MISSING:asset_results.parquet;REQUIRED_ARTIFACT_MISSING:canary_coverage.csv;REQUIRED_ARTIFACT_MISSING:kill_switch_events.jsonl;REQUIRED_ARTIFACT_MISSING:quarantine_manifest.jsonl;REQUIRED_ARTIFACT_MISSING:stage_manifest.json;REQUIRED_ARTIFACT_MISSING:stage_metrics.json;REQUIRED_ARTIFACT_MISSING:stage_quality.csv;REQUIRED_ARTIFACT_MISSING:CHECKSUMS.sha256
CANARY_T0_20260807_03,NONE,NONE,85567ec86879e0e31ada4bcce3b2cbd03e171739,0,85e71de36428b1473187badcdd5cce153479f30658f202525bf43a995169a5bd,python3 integration/validate_canary_handoff.py [redacted portable arguments],2,NOT_EVALUATED,CANARY_OBSERVED_PRODUCTION_ISOLATION,NOT_EVALUATED,CONTAMINATION_NOT_EVALUATED_NO_HANDOFF,canonical/observed/mart/gold/article rows = 0,pipeline and NCS authority-store scan
CANARY_T0_20260807_03,NONE,NONE,85567ec86879e0e31ada4bcce3b2cbd03e171739,0,85e71de36428b1473187badcdd5cce153479f30658f202525bf43a995169a5bd,python3 integration/validate_canary_handoff.py [redacted portable arguments],2,NOT_EVALUATED,CANARY_PIPELINE_NCS_COMPATIBILITY,NOT_EVALUATED,{},run/data/status-bound debug-only rows,index/detail/asset Parquet schema
CANARY_T0_20260807_03,NONE,NONE,85567ec86879e0e31ada4bcce3b2cbd03e171739,0,85e71de36428b1473187badcdd5cce153479f30658f202525bf43a995169a5bd,python3 integration/validate_canary_handoff.py [redacted portable arguments],2,NOT_EVALUATED,A5_INDEPENDENT_AUDIT,PASS_WITH_FINDINGS,06cd0cb4cb3726b1408dce58ad24f935ca008de9,PASS or PASS_WITH_FINDINGS,audit/p4-m1_5-a5-unified-v1
CANARY_T0_20260807_03,NONE,NONE,85567ec86879e0e31ada4bcce3b2cbd03e171739,0,85e71de36428b1473187badcdd5cce153479f30658f202525bf43a995169a5bd,python3 integration/validate_canary_handoff.py [redacted portable arguments],2,NOT_EVALUATED,M2_CRAWL_READY_FOR_USER_APPROVAL,BLOCKED,not promoted,separate gate,CANARY_BLOCKED_BY_POLICY
CANARY_T0_20260807_03,NONE,NONE,85567ec86879e0e31ada4bcce3b2cbd03e171739,0,85e71de36428b1473187badcdd5cce153479f30658f202525bf43a995169a5bd,python3 integration/validate_canary_handoff.py [redacted portable arguments],2,NOT_EVALUATED,CRAWL_RELEASE_READY,BLOCKED,not promoted,production release evidence,CANARY_BLOCKED_BY_POLICY
CANARY_T0_20260807_03,NONE,NONE,85567ec86879e0e31ada4bcce3b2cbd03e171739,0,85e71de36428b1473187badcdd5cce153479f30658f202525bf43a995169a5bd,python3 integration/validate_canary_handoff.py [redacted portable arguments],2,NOT_EVALUATED,ANALYSIS_READY,BLOCKED,not promoted,analysis gate,CANARY_BLOCKED_BY_POLICY
