agentId,stageId,notebook,cellIndex,cellId,cellType,parametersTag,sourceLines,astParse,sourceOutputs,executionCount
P4-A1-SOURCE,A1-00-RECOVER,crawl/notebooks/00RecoverSourceState.ipynb,0,a1-00-recover-title,markdown,False,12,NOT_APPLICABLE,0,
P4-A1-SOURCE,A1-00-RECOVER,crawl/notebooks/00RecoverSourceState.ipynb,1,a1-00-recover-parameters,code,True,13,PASS,0,
P4-A1-SOURCE,A1-00-RECOVER,crawl/notebooks/00RecoverSourceState.ipynb,2,a1-00-recover-environment-title,markdown,False,1,NOT_APPLICABLE,0,
P4-A1-SOURCE,A1-00-RECOVER,crawl/notebooks/00RecoverSourceState.ipynb,3,a1-00-recover-environment,code,False,47,PASS,0,
P4-A1-SOURCE,A1-00-RECOVER,crawl/notebooks/00RecoverSourceState.ipynb,4,a1-00-recover-audit-title,markdown,False,1,NOT_APPLICABLE,0,
P4-A1-SOURCE,A1-00-RECOVER,crawl/notebooks/00RecoverSourceState.ipynb,5,a1-00-recover-audit,code,False,5,PASS,0,
P4-A1-SOURCE,A1-00-RECOVER,crawl/notebooks/00RecoverSourceState.ipynb,6,a1-00-recover-operation-title,markdown,False,1,NOT_APPLICABLE,0,
P4-A1-SOURCE,A1-00-RECOVER,crawl/notebooks/00RecoverSourceState.ipynb,7,a1-00-recover-operation,code,False,11,PASS,0,
P4-A1-SOURCE,A1-00-RECOVER,crawl/notebooks/00RecoverSourceState.ipynb,8,a1-00-recover-finalize-title,markdown,False,1,NOT_APPLICABLE,0,
P4-A1-SOURCE,A1-00-RECOVER,crawl/notebooks/00RecoverSourceState.ipynb,9,a1-00-recover-finalize,code,False,12,PASS,0,
P4-A1-SOURCE,A1-00-RECOVER,crawl/notebooks/00RecoverSourceState.ipynb,10,a1-00-recover-interpretation,markdown,False,1,NOT_APPLICABLE,0,
P4-A1-SOURCE,A1-01-INDEX,crawl/notebooks/01CollectLinkareerIndex.ipynb,0,a1-01-index-title,markdown,False,12,NOT_APPLICABLE,0,
P4-A1-SOURCE,A1-01-INDEX,crawl/notebooks/01CollectLinkareerIndex.ipynb,1,a1-01-index-parameters,code,True,13,PASS,0,
P4-A1-SOURCE,A1-01-INDEX,crawl/notebooks/01CollectLinkareerIndex.ipynb,2,a1-01-index-environment-title,markdown,False,1,NOT_APPLICABLE,0,
P4-A1-SOURCE,A1-01-INDEX,crawl/notebooks/01CollectLinkareerIndex.ipynb,3,a1-01-index-environment,code,False,47,PASS,0,
P4-A1-SOURCE,A1-01-INDEX,crawl/notebooks/01CollectLinkareerIndex.ipynb,4,a1-01-index-audit-title,markdown,False,1,NOT_APPLICABLE,0,
P4-A1-SOURCE,A1-01-INDEX,crawl/notebooks/01CollectLinkareerIndex.ipynb,5,a1-01-index-audit,code,False,5,PASS,0,
P4-A1-SOURCE,A1-01-INDEX,crawl/notebooks/01CollectLinkareerIndex.ipynb,6,a1-01-index-operation-title,markdown,False,1,NOT_APPLICABLE,0,
P4-A1-SOURCE,A1-01-INDEX,crawl/notebooks/01CollectLinkareerIndex.ipynb,7,a1-01-index-operation,code,False,9,PASS,0,
P4-A1-SOURCE,A1-01-INDEX,crawl/notebooks/01CollectLinkareerIndex.ipynb,8,a1-01-index-finalize-title,markdown,False,1,NOT_APPLICABLE,0,
P4-A1-SOURCE,A1-01-INDEX,crawl/notebooks/01CollectLinkareerIndex.ipynb,9,a1-01-index-finalize,code,False,12,PASS,0,
P4-A1-SOURCE,A1-01-INDEX,crawl/notebooks/01CollectLinkareerIndex.ipynb,10,a1-01-index-interpretation,markdown,False,1,NOT_APPLICABLE,0,
P4-A1-SOURCE,A1-02-DETAIL,crawl/notebooks/02CollectPostingDetail.ipynb,0,a1-02-detail-title,markdown,False,12,NOT_APPLICABLE,0,
P4-A1-SOURCE,A1-02-DETAIL,crawl/notebooks/02CollectPostingDetail.ipynb,1,a1-02-detail-parameters,code,True,13,PASS,0,
P4-A1-SOURCE,A1-02-DETAIL,crawl/notebooks/02CollectPostingDetail.ipynb,2,a1-02-detail-environment-title,markdown,False,1,NOT_APPLICABLE,0,
P4-A1-SOURCE,A1-02-DETAIL,crawl/notebooks/02CollectPostingDetail.ipynb,3,a1-02-detail-environment,code,False,47,PASS,0,
P4-A1-SOURCE,A1-02-DETAIL,crawl/notebooks/02CollectPostingDetail.ipynb,4,a1-02-detail-audit-title,markdown,False,1,NOT_APPLICABLE,0,
P4-A1-SOURCE,A1-02-DETAIL,crawl/notebooks/02CollectPostingDetail.ipynb,5,a1-02-detail-audit,code,False,5,PASS,0,
P4-A1-SOURCE,A1-02-DETAIL,crawl/notebooks/02CollectPostingDetail.ipynb,6,a1-02-detail-operation-title,markdown,False,1,NOT_APPLICABLE,0,
P4-A1-SOURCE,A1-02-DETAIL,crawl/notebooks/02CollectPostingDetail.ipynb,7,a1-02-detail-operation,code,False,11,PASS,0,
P4-A1-SOURCE,A1-02-DETAIL,crawl/notebooks/02CollectPostingDetail.ipynb,8,a1-02-detail-finalize-title,markdown,False,1,NOT_APPLICABLE,0,
P4-A1-SOURCE,A1-02-DETAIL,crawl/notebooks/02CollectPostingDetail.ipynb,9,a1-02-detail-finalize,code,False,12,PASS,0,
P4-A1-SOURCE,A1-02-DETAIL,crawl/notebooks/02CollectPostingDetail.ipynb,10,a1-02-detail-interpretation,markdown,False,1,NOT_APPLICABLE,0,
P4-A1-SOURCE,A1-03-ASSET,crawl/notebooks/03CollectPostingAssets.ipynb,0,a1-03-asset-title,markdown,False,12,NOT_APPLICABLE,0,
P4-A1-SOURCE,A1-03-ASSET,crawl/notebooks/03CollectPostingAssets.ipynb,1,a1-03-asset-parameters,code,True,13,PASS,0,
P4-A1-SOURCE,A1-03-ASSET,crawl/notebooks/03CollectPostingAssets.ipynb,2,a1-03-asset-environment-title,markdown,False,1,NOT_APPLICABLE,0,
P4-A1-SOURCE,A1-03-ASSET,crawl/notebooks/03CollectPostingAssets.ipynb,3,a1-03-asset-environment,code,False,47,PASS,0,
P4-A1-SOURCE,A1-03-ASSET,crawl/notebooks/03CollectPostingAssets.ipynb,4,a1-03-asset-audit-title,markdown,False,1,NOT_APPLICABLE,0,
P4-A1-SOURCE,A1-03-ASSET,crawl/notebooks/03CollectPostingAssets.ipynb,5,a1-03-asset-audit,code,False,5,PASS,0,
P4-A1-SOURCE,A1-03-ASSET,crawl/notebooks/03CollectPostingAssets.ipynb,6,a1-03-asset-operation-title,markdown,False,1,NOT_APPLICABLE,0,
P4-A1-SOURCE,A1-03-ASSET,crawl/notebooks/03CollectPostingAssets.ipynb,7,a1-03-asset-operation,code,False,11,PASS,0,
P4-A1-SOURCE,A1-03-ASSET,crawl/notebooks/03CollectPostingAssets.ipynb,8,a1-03-asset-finalize-title,markdown,False,1,NOT_APPLICABLE,0,
P4-A1-SOURCE,A1-03-ASSET,crawl/notebooks/03CollectPostingAssets.ipynb,9,a1-03-asset-finalize,code,False,12,PASS,0,
P4-A1-SOURCE,A1-03-ASSET,crawl/notebooks/03CollectPostingAssets.ipynb,10,a1-03-asset-interpretation,markdown,False,1,NOT_APPLICABLE,0,
P4-A1-SOURCE,A1-04-RELEASE,crawl/notebooks/04BuildCrawlRelease.ipynb,0,a1-04-release-title,markdown,False,12,NOT_APPLICABLE,0,
P4-A1-SOURCE,A1-04-RELEASE,crawl/notebooks/04BuildCrawlRelease.ipynb,1,a1-04-release-parameters,code,True,13,PASS,0,
P4-A1-SOURCE,A1-04-RELEASE,crawl/notebooks/04BuildCrawlRelease.ipynb,2,a1-04-release-environment-title,markdown,False,1,NOT_APPLICABLE,0,
P4-A1-SOURCE,A1-04-RELEASE,crawl/notebooks/04BuildCrawlRelease.ipynb,3,a1-04-release-environment,code,False,47,PASS,0,
P4-A1-SOURCE,A1-04-RELEASE,crawl/notebooks/04BuildCrawlRelease.ipynb,4,a1-04-release-audit-title,markdown,False,1,NOT_APPLICABLE,0,
P4-A1-SOURCE,A1-04-RELEASE,crawl/notebooks/04BuildCrawlRelease.ipynb,5,a1-04-release-audit,code,False,5,PASS,0,
P4-A1-SOURCE,A1-04-RELEASE,crawl/notebooks/04BuildCrawlRelease.ipynb,6,a1-04-release-operation-title,markdown,False,1,NOT_APPLICABLE,0,
P4-A1-SOURCE,A1-04-RELEASE,crawl/notebooks/04BuildCrawlRelease.ipynb,7,a1-04-release-operation,code,False,15,PASS,0,
P4-A1-SOURCE,A1-04-RELEASE,crawl/notebooks/04BuildCrawlRelease.ipynb,8,a1-04-release-finalize-title,markdown,False,1,NOT_APPLICABLE,0,
P4-A1-SOURCE,A1-04-RELEASE,crawl/notebooks/04BuildCrawlRelease.ipynb,9,a1-04-release-finalize,code,False,12,PASS,0,
P4-A1-SOURCE,A1-04-RELEASE,crawl/notebooks/04BuildCrawlRelease.ipynb,10,a1-04-release-interpretation,markdown,False,1,NOT_APPLICABLE,0,
P4-A2-PIPELINE,A2-00-CONTRACT-AUDIT,pipeline/notebooks/00ContractAndInputAudit.ipynb,0,f8d781358c86fde3,markdown,False,14,NOT_APPLICABLE,0,
P4-A2-PIPELINE,A2-00-CONTRACT-AUDIT,pipeline/notebooks/00ContractAndInputAudit.ipynb,1,88c6715e090de41a,code,True,17,PASS,0,
P4-A2-PIPELINE,A2-00-CONTRACT-AUDIT,pipeline/notebooks/00ContractAndInputAudit.ipynb,2,843fc206a59670e5,code,False,51,PASS,0,
P4-A2-PIPELINE,A2-00-CONTRACT-AUDIT,pipeline/notebooks/00ContractAndInputAudit.ipynb,3,15665eb63a23c64e,markdown,False,14,NOT_APPLICABLE,0,
P4-A2-PIPELINE,A2-00-CONTRACT-AUDIT,pipeline/notebooks/00ContractAndInputAudit.ipynb,4,a1c73b965e7480a6,code,False,10,PASS,0,
P4-A2-PIPELINE,A2-00-CONTRACT-AUDIT,pipeline/notebooks/00ContractAndInputAudit.ipynb,5,38ae945f1a000942,markdown,False,1,NOT_APPLICABLE,0,
P4-A2-PIPELINE,A2-00-CONTRACT-AUDIT,pipeline/notebooks/00ContractAndInputAudit.ipynb,6,1c9105dd484d2e15,code,False,14,PASS,0,
P4-A2-PIPELINE,A2-00-CONTRACT-AUDIT,pipeline/notebooks/00ContractAndInputAudit.ipynb,7,637ab7bc24ce98af,markdown,False,1,NOT_APPLICABLE,0,
P4-A2-PIPELINE,A2-00-CONTRACT-AUDIT,pipeline/notebooks/00ContractAndInputAudit.ipynb,8,edc3b4317a114387,code,False,12,PASS,0,
P4-A2-PIPELINE,A2-00-CONTRACT-AUDIT,pipeline/notebooks/00ContractAndInputAudit.ipynb,9,a68bd83725931466,markdown,False,1,NOT_APPLICABLE,0,
P4-A2-PIPELINE,A2-00-CONTRACT-AUDIT,pipeline/notebooks/00ContractAndInputAudit.ipynb,10,69699fed594fd9f9,code,False,14,PASS,0,
P4-A2-PIPELINE,A2-01-LOAD,pipeline/notebooks/01LoadCrawlRelease.ipynb,0,007571181c4111b0,markdown,False,14,NOT_APPLICABLE,0,
P4-A2-PIPELINE,A2-01-LOAD,pipeline/notebooks/01LoadCrawlRelease.ipynb,1,3c223f96c520e874,code,True,17,PASS,0,
P4-A2-PIPELINE,A2-01-LOAD,pipeline/notebooks/01LoadCrawlRelease.ipynb,2,af7c462721f967d2,code,False,51,PASS,0,
P4-A2-PIPELINE,A2-01-LOAD,pipeline/notebooks/01LoadCrawlRelease.ipynb,3,42ea2e76689a944e,markdown,False,12,NOT_APPLICABLE,0,
P4-A2-PIPELINE,A2-01-LOAD,pipeline/notebooks/01LoadCrawlRelease.ipynb,4,3b29a3211bc49465,code,False,10,PASS,0,
P4-A2-PIPELINE,A2-01-LOAD,pipeline/notebooks/01LoadCrawlRelease.ipynb,5,705ad4b84862feea,markdown,False,1,NOT_APPLICABLE,0,
P4-A2-PIPELINE,A2-01-LOAD,pipeline/notebooks/01LoadCrawlRelease.ipynb,6,abecc1f314744a8d,code,False,14,PASS,0,
P4-A2-PIPELINE,A2-01-LOAD,pipeline/notebooks/01LoadCrawlRelease.ipynb,7,677632aecab481b3,markdown,False,1,NOT_APPLICABLE,0,
P4-A2-PIPELINE,A2-01-LOAD,pipeline/notebooks/01LoadCrawlRelease.ipynb,8,5ba21c04071d26f7,code,False,12,PASS,0,
P4-A2-PIPELINE,A2-01-LOAD,pipeline/notebooks/01LoadCrawlRelease.ipynb,9,1afef4db25127dd1,markdown,False,1,NOT_APPLICABLE,0,
P4-A2-PIPELINE,A2-01-LOAD,pipeline/notebooks/01LoadCrawlRelease.ipynb,10,45928b408230ebe3,code,False,14,PASS,0,
P4-A2-PIPELINE,A2-02-PARSE,pipeline/notebooks/02ParseAndNormalize.ipynb,0,63f3dc6315e9e10d,markdown,False,14,NOT_APPLICABLE,0,
P4-A2-PIPELINE,A2-02-PARSE,pipeline/notebooks/02ParseAndNormalize.ipynb,1,dd44c580d4e09af8,code,True,17,PASS,0,
P4-A2-PIPELINE,A2-02-PARSE,pipeline/notebooks/02ParseAndNormalize.ipynb,2,4771cf5ca551ac1b,code,False,51,PASS,0,
P4-A2-PIPELINE,A2-02-PARSE,pipeline/notebooks/02ParseAndNormalize.ipynb,3,c7493e7619cb738f,markdown,False,15,NOT_APPLICABLE,0,
P4-A2-PIPELINE,A2-02-PARSE,pipeline/notebooks/02ParseAndNormalize.ipynb,4,fc732bf52608ba8b,code,False,10,PASS,0,
P4-A2-PIPELINE,A2-02-PARSE,pipeline/notebooks/02ParseAndNormalize.ipynb,5,7442268259406a23,markdown,False,1,NOT_APPLICABLE,0,
P4-A2-PIPELINE,A2-02-PARSE,pipeline/notebooks/02ParseAndNormalize.ipynb,6,15d9ff0a82803a87,code,False,14,PASS,0,
P4-A2-PIPELINE,A2-02-PARSE,pipeline/notebooks/02ParseAndNormalize.ipynb,7,fedd2787c8ceef53,markdown,False,1,NOT_APPLICABLE,0,
P4-A2-PIPELINE,A2-02-PARSE,pipeline/notebooks/02ParseAndNormalize.ipynb,8,4eb1bf4c910a8747,code,False,12,PASS,0,
P4-A2-PIPELINE,A2-02-PARSE,pipeline/notebooks/02ParseAndNormalize.ipynb,9,5c11019fc4199497,markdown,False,1,NOT_APPLICABLE,0,
P4-A2-PIPELINE,A2-02-PARSE,pipeline/notebooks/02ParseAndNormalize.ipynb,10,35e50c978045aa8e,code,False,14,PASS,0,
P4-A2-PIPELINE,A2-03-OCR,pipeline/notebooks/03OcrAndSectionRecovery.ipynb,0,0c1b20b9089f40c0,markdown,False,14,NOT_APPLICABLE,0,
P4-A2-PIPELINE,A2-03-OCR,pipeline/notebooks/03OcrAndSectionRecovery.ipynb,1,d9bbef62a9a28e4d,code,True,17,PASS,0,
P4-A2-PIPELINE,A2-03-OCR,pipeline/notebooks/03OcrAndSectionRecovery.ipynb,2,84b2ac3d1eee3ff4,code,False,51,PASS,0,
P4-A2-PIPELINE,A2-03-OCR,pipeline/notebooks/03OcrAndSectionRecovery.ipynb,3,9866bec8119a9a67,markdown,False,13,NOT_APPLICABLE,0,
P4-A2-PIPELINE,A2-03-OCR,pipeline/notebooks/03OcrAndSectionRecovery.ipynb,4,bf08a5d97d8b6a7e,code,False,10,PASS,0,
P4-A2-PIPELINE,A2-03-OCR,pipeline/notebooks/03OcrAndSectionRecovery.ipynb,5,d244a962bb38d8d1,markdown,False,1,NOT_APPLICABLE,0,
P4-A2-PIPELINE,A2-03-OCR,pipeline/notebooks/03OcrAndSectionRecovery.ipynb,6,027921080698ec34,code,False,14,PASS,0,
P4-A2-PIPELINE,A2-03-OCR,pipeline/notebooks/03OcrAndSectionRecovery.ipynb,7,87ea0b38f5970c4b,markdown,False,1,NOT_APPLICABLE,0,
P4-A2-PIPELINE,A2-03-OCR,pipeline/notebooks/03OcrAndSectionRecovery.ipynb,8,3e662cab1466e405,code,False,12,PASS,0,
P4-A2-PIPELINE,A2-03-OCR,pipeline/notebooks/03OcrAndSectionRecovery.ipynb,9,83c4df9ed769d2ee,markdown,False,1,NOT_APPLICABLE,0,
P4-A2-PIPELINE,A2-03-OCR,pipeline/notebooks/03OcrAndSectionRecovery.ipynb,10,80c776e6b35357f5,code,False,14,PASS,0,
P4-A2-PIPELINE,A2-04-TRACK,pipeline/notebooks/04SplitTracks.ipynb,0,2cfd579fbb531a9f,markdown,False,14,NOT_APPLICABLE,0,
P4-A2-PIPELINE,A2-04-TRACK,pipeline/notebooks/04SplitTracks.ipynb,1,8d0533caa64ae3cf,code,True,17,PASS,0,
P4-A2-PIPELINE,A2-04-TRACK,pipeline/notebooks/04SplitTracks.ipynb,2,97916c3bf1c3effc,code,False,51,PASS,0,
P4-A2-PIPELINE,A2-04-TRACK,pipeline/notebooks/04SplitTracks.ipynb,3,51f3ffddc84083f0,markdown,False,12,NOT_APPLICABLE,0,
P4-A2-PIPELINE,A2-04-TRACK,pipeline/notebooks/04SplitTracks.ipynb,4,ce7e9a03651936e6,code,False,10,PASS,0,
P4-A2-PIPELINE,A2-04-TRACK,pipeline/notebooks/04SplitTracks.ipynb,5,59f38c45472c08e7,markdown,False,1,NOT_APPLICABLE,0,
P4-A2-PIPELINE,A2-04-TRACK,pipeline/notebooks/04SplitTracks.ipynb,6,0b124ba61dd96c2d,code,False,14,PASS,0,
P4-A2-PIPELINE,A2-04-TRACK,pipeline/notebooks/04SplitTracks.ipynb,7,c0401f340cdfc5a7,markdown,False,1,NOT_APPLICABLE,0,
P4-A2-PIPELINE,A2-04-TRACK,pipeline/notebooks/04SplitTracks.ipynb,8,666b5d772c16f271,code,False,12,PASS,0,
P4-A2-PIPELINE,A2-04-TRACK,pipeline/notebooks/04SplitTracks.ipynb,9,c02426f44cde075d,markdown,False,1,NOT_APPLICABLE,0,
P4-A2-PIPELINE,A2-04-TRACK,pipeline/notebooks/04SplitTracks.ipynb,10,d11bc90503e7b76e,code,False,14,PASS,0,
P4-A2-PIPELINE,A2-05-REQUIREMENT,pipeline/notebooks/05ExtractRequirements.ipynb,0,bcd112017762c99f,markdown,False,14,NOT_APPLICABLE,0,
P4-A2-PIPELINE,A2-05-REQUIREMENT,pipeline/notebooks/05ExtractRequirements.ipynb,1,4543757f936ece0e,code,True,17,PASS,0,
P4-A2-PIPELINE,A2-05-REQUIREMENT,pipeline/notebooks/05ExtractRequirements.ipynb,2,c63d1f825116b1da,code,False,51,PASS,0,
P4-A2-PIPELINE,A2-05-REQUIREMENT,pipeline/notebooks/05ExtractRequirements.ipynb,3,ca7fa0339e5a52eb,markdown,False,12,NOT_APPLICABLE,0,
P4-A2-PIPELINE,A2-05-REQUIREMENT,pipeline/notebooks/05ExtractRequirements.ipynb,4,d0c53540e404312c,code,False,10,PASS,0,
P4-A2-PIPELINE,A2-05-REQUIREMENT,pipeline/notebooks/05ExtractRequirements.ipynb,5,b9f83be2877bb272,markdown,False,1,NOT_APPLICABLE,0,
P4-A2-PIPELINE,A2-05-REQUIREMENT,pipeline/notebooks/05ExtractRequirements.ipynb,6,841293df3bfe6a63,code,False,14,PASS,0,
P4-A2-PIPELINE,A2-05-REQUIREMENT,pipeline/notebooks/05ExtractRequirements.ipynb,7,90c79025e82a2b9b,markdown,False,1,NOT_APPLICABLE,0,
P4-A2-PIPELINE,A2-05-REQUIREMENT,pipeline/notebooks/05ExtractRequirements.ipynb,8,dd9f1d4709d56493,code,False,12,PASS,0,
P4-A2-PIPELINE,A2-05-REQUIREMENT,pipeline/notebooks/05ExtractRequirements.ipynb,9,7dbfd2b5048c1a9e,markdown,False,1,NOT_APPLICABLE,0,
P4-A2-PIPELINE,A2-05-REQUIREMENT,pipeline/notebooks/05ExtractRequirements.ipynb,10,179a051f7510cfdc,code,False,14,PASS,0,
P4-A2-PIPELINE,A2-06-DEDUP,pipeline/notebooks/06Deduplicate90Days.ipynb,0,8e687a91398924fa,markdown,False,14,NOT_APPLICABLE,0,
P4-A2-PIPELINE,A2-06-DEDUP,pipeline/notebooks/06Deduplicate90Days.ipynb,1,587532655b6abf5d,code,True,17,PASS,0,
P4-A2-PIPELINE,A2-06-DEDUP,pipeline/notebooks/06Deduplicate90Days.ipynb,2,cc96d527213bc813,code,False,51,PASS,0,
P4-A2-PIPELINE,A2-06-DEDUP,pipeline/notebooks/06Deduplicate90Days.ipynb,3,92e70e800e628948,markdown,False,11,NOT_APPLICABLE,0,
P4-A2-PIPELINE,A2-06-DEDUP,pipeline/notebooks/06Deduplicate90Days.ipynb,4,0a394323ef662cfb,code,False,10,PASS,0,
P4-A2-PIPELINE,A2-06-DEDUP,pipeline/notebooks/06Deduplicate90Days.ipynb,5,419def3200e236df,markdown,False,1,NOT_APPLICABLE,0,
P4-A2-PIPELINE,A2-06-DEDUP,pipeline/notebooks/06Deduplicate90Days.ipynb,6,ca9e01bc3b8369ee,code,False,14,PASS,0,
P4-A2-PIPELINE,A2-06-DEDUP,pipeline/notebooks/06Deduplicate90Days.ipynb,7,de491553cdfa5131,markdown,False,1,NOT_APPLICABLE,0,
P4-A2-PIPELINE,A2-06-DEDUP,pipeline/notebooks/06Deduplicate90Days.ipynb,8,46a99f45af7ebb25,code,False,12,PASS,0,
P4-A2-PIPELINE,A2-06-DEDUP,pipeline/notebooks/06Deduplicate90Days.ipynb,9,d28d9b12a17beecf,markdown,False,1,NOT_APPLICABLE,0,
P4-A2-PIPELINE,A2-06-DEDUP,pipeline/notebooks/06Deduplicate90Days.ipynb,10,90997c61e629be15,code,False,14,PASS,0,
P4-A2-PIPELINE,A2-07-LABEL,pipeline/notebooks/07LabelCareerAccess.ipynb,0,3b3c7136be74fd03,markdown,False,14,NOT_APPLICABLE,0,
P4-A2-PIPELINE,A2-07-LABEL,pipeline/notebooks/07LabelCareerAccess.ipynb,1,6f7258436fc21df2,code,True,17,PASS,0,
P4-A2-PIPELINE,A2-07-LABEL,pipeline/notebooks/07LabelCareerAccess.ipynb,2,21f6e9fddd200915,code,False,51,PASS,0,
P4-A2-PIPELINE,A2-07-LABEL,pipeline/notebooks/07LabelCareerAccess.ipynb,3,7ba3e41e79d12ca2,markdown,False,13,NOT_APPLICABLE,0,
P4-A2-PIPELINE,A2-07-LABEL,pipeline/notebooks/07LabelCareerAccess.ipynb,4,36087cc9908a5d1a,code,False,10,PASS,0,
P4-A2-PIPELINE,A2-07-LABEL,pipeline/notebooks/07LabelCareerAccess.ipynb,5,7de2d1e3c798f502,markdown,False,1,NOT_APPLICABLE,0,
P4-A2-PIPELINE,A2-07-LABEL,pipeline/notebooks/07LabelCareerAccess.ipynb,6,4e507c5af723e21a,code,False,14,PASS,0,
P4-A2-PIPELINE,A2-07-LABEL,pipeline/notebooks/07LabelCareerAccess.ipynb,7,ab51e411b3585dc8,markdown,False,1,NOT_APPLICABLE,0,
P4-A2-PIPELINE,A2-07-LABEL,pipeline/notebooks/07LabelCareerAccess.ipynb,8,d079350bae5fe50d,code,False,12,PASS,0,
P4-A2-PIPELINE,A2-07-LABEL,pipeline/notebooks/07LabelCareerAccess.ipynb,9,29ff2bd2bf3f5a6d,markdown,False,1,NOT_APPLICABLE,0,
P4-A2-PIPELINE,A2-07-LABEL,pipeline/notebooks/07LabelCareerAccess.ipynb,10,116bf48a198ba045,code,False,14,PASS,0,
P4-A2-PIPELINE,A2-08-NCS-LOAD,pipeline/notebooks/08LoadAndPrepareNcs.ipynb,0,1dddc58ac48e82c5,markdown,False,14,NOT_APPLICABLE,0,
P4-A2-PIPELINE,A2-08-NCS-LOAD,pipeline/notebooks/08LoadAndPrepareNcs.ipynb,1,a47aaec361fdfd3a,code,True,17,PASS,0,
P4-A2-PIPELINE,A2-08-NCS-LOAD,pipeline/notebooks/08LoadAndPrepareNcs.ipynb,2,d0c7f98cd1c778aa,code,False,51,PASS,0,
P4-A2-PIPELINE,A2-08-NCS-LOAD,pipeline/notebooks/08LoadAndPrepareNcs.ipynb,3,3683aa92e295ce24,markdown,False,14,NOT_APPLICABLE,0,
P4-A2-PIPELINE,A2-08-NCS-LOAD,pipeline/notebooks/08LoadAndPrepareNcs.ipynb,4,f6b586cfd4b9bd71,code,False,10,PASS,0,
P4-A2-PIPELINE,A2-08-NCS-LOAD,pipeline/notebooks/08LoadAndPrepareNcs.ipynb,5,e0c94189d3cbad59,markdown,False,1,NOT_APPLICABLE,0,
P4-A2-PIPELINE,A2-08-NCS-LOAD,pipeline/notebooks/08LoadAndPrepareNcs.ipynb,6,25acb5abd51111d2,code,False,14,PASS,0,
P4-A2-PIPELINE,A2-08-NCS-LOAD,pipeline/notebooks/08LoadAndPrepareNcs.ipynb,7,bea2512aac19dc3b,markdown,False,1,NOT_APPLICABLE,0,
P4-A2-PIPELINE,A2-08-NCS-LOAD,pipeline/notebooks/08LoadAndPrepareNcs.ipynb,8,9d05de1ccb6cdbad,code,False,12,PASS,0,
P4-A2-PIPELINE,A2-08-NCS-LOAD,pipeline/notebooks/08LoadAndPrepareNcs.ipynb,9,ecc679ab04c60c31,markdown,False,1,NOT_APPLICABLE,0,
P4-A2-PIPELINE,A2-08-NCS-LOAD,pipeline/notebooks/08LoadAndPrepareNcs.ipynb,10,6e84e7632db37566,code,False,14,PASS,0,
P4-A2-PIPELINE,A2-09-NCS-MAP,pipeline/notebooks/09MapPostingToNcs.ipynb,0,13d7dff31498beaa,markdown,False,14,NOT_APPLICABLE,0,
P4-A2-PIPELINE,A2-09-NCS-MAP,pipeline/notebooks/09MapPostingToNcs.ipynb,1,f8431e5d920687da,code,True,17,PASS,0,
P4-A2-PIPELINE,A2-09-NCS-MAP,pipeline/notebooks/09MapPostingToNcs.ipynb,2,c9c83a3b85b58721,code,False,51,PASS,0,
P4-A2-PIPELINE,A2-09-NCS-MAP,pipeline/notebooks/09MapPostingToNcs.ipynb,3,f3ea58873c8e4430,markdown,False,13,NOT_APPLICABLE,0,
P4-A2-PIPELINE,A2-09-NCS-MAP,pipeline/notebooks/09MapPostingToNcs.ipynb,4,7420fd877fd9df0e,code,False,10,PASS,0,
P4-A2-PIPELINE,A2-09-NCS-MAP,pipeline/notebooks/09MapPostingToNcs.ipynb,5,c92f6c8ff9a53dcc,markdown,False,1,NOT_APPLICABLE,0,
P4-A2-PIPELINE,A2-09-NCS-MAP,pipeline/notebooks/09MapPostingToNcs.ipynb,6,de052932b2ff6af5,code,False,14,PASS,0,
P4-A2-PIPELINE,A2-09-NCS-MAP,pipeline/notebooks/09MapPostingToNcs.ipynb,7,ebfefa6c9380ed6a,markdown,False,1,NOT_APPLICABLE,0,
P4-A2-PIPELINE,A2-09-NCS-MAP,pipeline/notebooks/09MapPostingToNcs.ipynb,8,e9880edfa4d970ce,code,False,12,PASS,0,
P4-A2-PIPELINE,A2-09-NCS-MAP,pipeline/notebooks/09MapPostingToNcs.ipynb,9,1e9cda5343bbfcb8,markdown,False,1,NOT_APPLICABLE,0,
P4-A2-PIPELINE,A2-09-NCS-MAP,pipeline/notebooks/09MapPostingToNcs.ipynb,10,e0f7cb1a9166397a,code,False,14,PASS,0,
P4-A2-PIPELINE,A2-10-EXPORT,pipeline/notebooks/10ExportPreprocessedCsv.ipynb,0,59d27f6602a70efa,markdown,False,14,NOT_APPLICABLE,0,
P4-A2-PIPELINE,A2-10-EXPORT,pipeline/notebooks/10ExportPreprocessedCsv.ipynb,1,769360285370406a,code,True,17,PASS,0,
P4-A2-PIPELINE,A2-10-EXPORT,pipeline/notebooks/10ExportPreprocessedCsv.ipynb,2,40b71f21067c29ff,code,False,51,PASS,0,
P4-A2-PIPELINE,A2-10-EXPORT,pipeline/notebooks/10ExportPreprocessedCsv.ipynb,3,3426f1373fe65c82,markdown,False,18,NOT_APPLICABLE,0,
P4-A2-PIPELINE,A2-10-EXPORT,pipeline/notebooks/10ExportPreprocessedCsv.ipynb,4,c2c3853243aee687,code,False,10,PASS,0,
P4-A2-PIPELINE,A2-10-EXPORT,pipeline/notebooks/10ExportPreprocessedCsv.ipynb,5,e3ab18be7945a159,markdown,False,1,NOT_APPLICABLE,0,
P4-A2-PIPELINE,A2-10-EXPORT,pipeline/notebooks/10ExportPreprocessedCsv.ipynb,6,3e66066c90ae34a4,code,False,14,PASS,0,
P4-A2-PIPELINE,A2-10-EXPORT,pipeline/notebooks/10ExportPreprocessedCsv.ipynb,7,891b8f41c26e4267,markdown,False,1,NOT_APPLICABLE,0,
P4-A2-PIPELINE,A2-10-EXPORT,pipeline/notebooks/10ExportPreprocessedCsv.ipynb,8,b262f77ad85fb7c6,code,False,12,PASS,0,
P4-A2-PIPELINE,A2-10-EXPORT,pipeline/notebooks/10ExportPreprocessedCsv.ipynb,9,15041a94f9692b44,markdown,False,1,NOT_APPLICABLE,0,
P4-A2-PIPELINE,A2-10-EXPORT,pipeline/notebooks/10ExportPreprocessedCsv.ipynb,10,bab1314959bc4a0e,code,False,14,PASS,0,
P4-A2-PIPELINE,A2-11-EXPORT-QA,pipeline/notebooks/11PreprocessedDataQa.ipynb,0,35f822dcdf5b2440,markdown,False,14,NOT_APPLICABLE,0,
P4-A2-PIPELINE,A2-11-EXPORT-QA,pipeline/notebooks/11PreprocessedDataQa.ipynb,1,02e11ed789a34c09,code,True,17,PASS,0,
P4-A2-PIPELINE,A2-11-EXPORT-QA,pipeline/notebooks/11PreprocessedDataQa.ipynb,2,d5967ffe5a087334,code,False,51,PASS,0,
P4-A2-PIPELINE,A2-11-EXPORT-QA,pipeline/notebooks/11PreprocessedDataQa.ipynb,3,7db2e02b2b97fca8,markdown,False,14,NOT_APPLICABLE,0,
P4-A2-PIPELINE,A2-11-EXPORT-QA,pipeline/notebooks/11PreprocessedDataQa.ipynb,4,19933034b0b758f6,code,False,10,PASS,0,
P4-A2-PIPELINE,A2-11-EXPORT-QA,pipeline/notebooks/11PreprocessedDataQa.ipynb,5,3d4da00caffc84a0,markdown,False,1,NOT_APPLICABLE,0,
P4-A2-PIPELINE,A2-11-EXPORT-QA,pipeline/notebooks/11PreprocessedDataQa.ipynb,6,01545a9985e66864,code,False,14,PASS,0,
P4-A2-PIPELINE,A2-11-EXPORT-QA,pipeline/notebooks/11PreprocessedDataQa.ipynb,7,e076dc09852085cb,markdown,False,1,NOT_APPLICABLE,0,
P4-A2-PIPELINE,A2-11-EXPORT-QA,pipeline/notebooks/11PreprocessedDataQa.ipynb,8,d5d906740629e106,code,False,12,PASS,0,
P4-A2-PIPELINE,A2-11-EXPORT-QA,pipeline/notebooks/11PreprocessedDataQa.ipynb,9,a3ae3dc45f1a7bfa,markdown,False,1,NOT_APPLICABLE,0,
P4-A2-PIPELINE,A2-11-EXPORT-QA,pipeline/notebooks/11PreprocessedDataQa.ipynb,10,652146d3bf23ad71,code,False,14,PASS,0,
P4-A4-NCS,A4-00-NCS-SOURCE,ncs_mapping/notebooks/00NcsSourceAudit.ipynb,0,578ee08d,markdown,False,14,NOT_APPLICABLE,0,
P4-A4-NCS,A4-00-NCS-SOURCE,ncs_mapping/notebooks/00NcsSourceAudit.ipynb,1,4ed9fb5e,code,True,18,PASS,0,
P4-A4-NCS,A4-00-NCS-SOURCE,ncs_mapping/notebooks/00NcsSourceAudit.ipynb,2,a3d298ab,code,False,17,PASS,0,
P4-A4-NCS,A4-00-NCS-SOURCE,ncs_mapping/notebooks/00NcsSourceAudit.ipynb,3,76c51cf7,code,False,17,PASS,0,
P4-A4-NCS,A4-00-NCS-SOURCE,ncs_mapping/notebooks/00NcsSourceAudit.ipynb,4,5e55398f,code,False,4,PASS,0,
P4-A4-NCS,A4-00-NCS-SOURCE,ncs_mapping/notebooks/00NcsSourceAudit.ipynb,5,64235989,code,False,6,PASS,0,
P4-A4-NCS,A4-01-CODESET,ncs_mapping/notebooks/01BuildCoreAiItCodeSet.ipynb,0,a2777d4b,markdown,False,14,NOT_APPLICABLE,0,
P4-A4-NCS,A4-01-CODESET,ncs_mapping/notebooks/01BuildCoreAiItCodeSet.ipynb,1,8674b462,code,True,18,PASS,0,
P4-A4-NCS,A4-01-CODESET,ncs_mapping/notebooks/01BuildCoreAiItCodeSet.ipynb,2,c7b3299e,code,False,17,PASS,0,
P4-A4-NCS,A4-01-CODESET,ncs_mapping/notebooks/01BuildCoreAiItCodeSet.ipynb,3,776cfb2b,code,False,12,PASS,0,
P4-A4-NCS,A4-01-CODESET,ncs_mapping/notebooks/01BuildCoreAiItCodeSet.ipynb,4,c917d243,code,False,4,PASS,0,
P4-A4-NCS,A4-01-CODESET,ncs_mapping/notebooks/01BuildCoreAiItCodeSet.ipynb,5,06fdd11a,code,False,6,PASS,0,
P4-A4-NCS,A4-02-RETRIEVAL,ncs_mapping/notebooks/02BuildNcsRetrievalIndex.ipynb,0,33769a1d,markdown,False,14,NOT_APPLICABLE,0,
P4-A4-NCS,A4-02-RETRIEVAL,ncs_mapping/notebooks/02BuildNcsRetrievalIndex.ipynb,1,4e50c465,code,True,18,PASS,0,
P4-A4-NCS,A4-02-RETRIEVAL,ncs_mapping/notebooks/02BuildNcsRetrievalIndex.ipynb,2,d8413831,code,False,17,PASS,0,
P4-A4-NCS,A4-02-RETRIEVAL,ncs_mapping/notebooks/02BuildNcsRetrievalIndex.ipynb,3,0075f617,code,False,12,PASS,0,
P4-A4-NCS,A4-02-RETRIEVAL,ncs_mapping/notebooks/02BuildNcsRetrievalIndex.ipynb,4,dca89c8b,code,False,4,PASS,0,
P4-A4-NCS,A4-02-RETRIEVAL,ncs_mapping/notebooks/02BuildNcsRetrievalIndex.ipynb,5,ccb79644,code,False,6,PASS,0,
P4-A4-NCS,A4-03-MAP-OBSERVED,ncs_mapping/notebooks/03MapObservedDuties.ipynb,0,e4850306,markdown,False,14,NOT_APPLICABLE,0,
P4-A4-NCS,A4-03-MAP-OBSERVED,ncs_mapping/notebooks/03MapObservedDuties.ipynb,1,b1c9ae03,code,True,18,PASS,0,
P4-A4-NCS,A4-03-MAP-OBSERVED,ncs_mapping/notebooks/03MapObservedDuties.ipynb,2,88905acf,code,False,17,PASS,0,
P4-A4-NCS,A4-03-MAP-OBSERVED,ncs_mapping/notebooks/03MapObservedDuties.ipynb,3,11af5b82,code,False,16,PASS,0,
P4-A4-NCS,A4-03-MAP-OBSERVED,ncs_mapping/notebooks/03MapObservedDuties.ipynb,4,7994a56b,code,False,4,PASS,0,
P4-A4-NCS,A4-03-MAP-OBSERVED,ncs_mapping/notebooks/03MapObservedDuties.ipynb,5,faa1dfba,code,False,6,PASS,0,
P4-A4-NCS,A4-04-EXPORT,ncs_mapping/notebooks/04ExportNcsMappingCsv.ipynb,0,fb2fd824,markdown,False,14,NOT_APPLICABLE,0,
P4-A4-NCS,A4-04-EXPORT,ncs_mapping/notebooks/04ExportNcsMappingCsv.ipynb,1,4890f81f,code,True,18,PASS,0,
P4-A4-NCS,A4-04-EXPORT,ncs_mapping/notebooks/04ExportNcsMappingCsv.ipynb,2,d059b30f,code,False,17,PASS,0,
P4-A4-NCS,A4-04-EXPORT,ncs_mapping/notebooks/04ExportNcsMappingCsv.ipynb,3,34f990c7,code,False,8,PASS,0,
P4-A4-NCS,A4-04-EXPORT,ncs_mapping/notebooks/04ExportNcsMappingCsv.ipynb,4,0d4d424b,code,False,4,PASS,0,
P4-A4-NCS,A4-04-EXPORT,ncs_mapping/notebooks/04ExportNcsMappingCsv.ipynb,5,1f400763,code,False,6,PASS,0,
P4-A4-NCS,A4-05-EVALUATE,ncs_mapping/notebooks/05EvaluateNcsMapping.ipynb,0,416ce8ee,markdown,False,14,NOT_APPLICABLE,0,
P4-A4-NCS,A4-05-EVALUATE,ncs_mapping/notebooks/05EvaluateNcsMapping.ipynb,1,0c5696dc,code,True,18,PASS,0,
P4-A4-NCS,A4-05-EVALUATE,ncs_mapping/notebooks/05EvaluateNcsMapping.ipynb,2,d2eeb69f,code,False,17,PASS,0,
P4-A4-NCS,A4-05-EVALUATE,ncs_mapping/notebooks/05EvaluateNcsMapping.ipynb,3,cd6617c0,code,False,10,PASS,0,
P4-A4-NCS,A4-05-EVALUATE,ncs_mapping/notebooks/05EvaluateNcsMapping.ipynb,4,0da55d0d,code,False,4,PASS,0,
P4-A4-NCS,A4-05-EVALUATE,ncs_mapping/notebooks/05EvaluateNcsMapping.ipynb,5,85989a3e,code,False,6,PASS,0,
P4-A3-CONTROL,A3-MASTER,crawl/notebooks/P4_Notebook_First_Master.ipynb,0,a3-master-title,markdown,False,12,NOT_APPLICABLE,0,
P4-A3-CONTROL,A3-MASTER,crawl/notebooks/P4_Notebook_First_Master.ipynb,1,a3-master-parameters,code,True,13,PASS,0,
P4-A3-CONTROL,A3-MASTER,crawl/notebooks/P4_Notebook_First_Master.ipynb,2,a3-master-environment,code,False,28,PASS,0,
P4-A3-CONTROL,A3-MASTER,crawl/notebooks/P4_Notebook_First_Master.ipynb,3,a3-master-input-audit,code,False,15,PASS,0,
P4-A3-CONTROL,A3-MASTER,crawl/notebooks/P4_Notebook_First_Master.ipynb,4,a3-master-index,markdown,False,9,NOT_APPLICABLE,0,
P4-A3-CONTROL,A3-MASTER,crawl/notebooks/P4_Notebook_First_Master.ipynb,5,a3-master-architecture,code,False,9,PASS,0,
P4-A3-CONTROL,A3-MASTER,crawl/notebooks/P4_Notebook_First_Master.ipynb,6,a3-master-stage-registry,code,False,11,PASS,0,
P4-A3-CONTROL,A3-MASTER,crawl/notebooks/P4_Notebook_First_Master.ipynb,7,a3-master-execute,code,False,12,PASS,0,
P4-A3-CONTROL,A3-MASTER,crawl/notebooks/P4_Notebook_First_Master.ipynb,8,a3-master-manifests,code,False,8,PASS,0,
P4-A3-CONTROL,A3-MASTER,crawl/notebooks/P4_Notebook_First_Master.ipynb,9,a3-master-final-qa,code,False,22,PASS,0,
P4-A3-CONTROL,A3-MASTER,crawl/notebooks/P4_Notebook_First_Master.ipynb,10,a3-master-terminate,code,False,13,PASS,0,
