branch,baseCommit,headCommit,dataVersion,runId,rawStorageRootId,path,changeType,integrationBlobSha,crawlAuthorityBlobSha,classification,chosenAuthority,reason,owner,resolutionStatus,requiredA3Action,sourceOrGenerated
agent/p4-a1-reconcile-crawl-authority-v1,5508fce02ba5396b5d5a55870f1f879c1f32e8e0,92207e8fe7cc445c7426218da06b0b064f9df941,observed-dev-reconciliation-20260807.1,A1_RECON_20260807_01,P4_RAW_OBSERVED_20260806_01,crawl/.gitattributes,A,,d7bdbbc3b6827d532f22f8ef17efed82a02d86a5,SOURCE_CODE,CRAWL_HANDOFF,Audited crawl source/control/test authority selected over integration drift.,A1,IMPORTED,CONSUME_RECONCILIATION_COMMIT,SOURCE
agent/p4-a1-reconcile-crawl-authority-v1,5508fce02ba5396b5d5a55870f1f879c1f32e8e0,92207e8fe7cc445c7426218da06b0b064f9df941,observed-dev-reconciliation-20260807.1,A1_RECON_20260807_01,P4_RAW_OBSERVED_20260806_01,crawl/.gitignore,M,9dac6f0f873e67bd37592257a5e5b7207188632a,d15c66c416303012275cced1c497635f1f103bd4,SOURCE_CODE,CRAWL_HANDOFF,Audited crawl source/control/test authority selected over integration drift.,A1,IMPORTED,CONSUME_RECONCILIATION_COMMIT,SOURCE
agent/p4-a1-reconcile-crawl-authority-v1,5508fce02ba5396b5d5a55870f1f879c1f32e8e0,92207e8fe7cc445c7426218da06b0b064f9df941,observed-dev-reconciliation-20260807.1,A1_RECON_20260807_01,P4_RAW_OBSERVED_20260806_01,crawl/RUNTIME_DEPENDENCY_LOCK.json,A,,b85f3d582cde41ac1141838d2139408a54bce591,SOURCE_CODE,CRAWL_HANDOFF,Audited crawl source/control/test authority selected over integration drift.,A1,IMPORTED,CONSUME_RECONCILIATION_COMMIT,SOURCE
agent/p4-a1-reconcile-crawl-authority-v1,5508fce02ba5396b5d5a55870f1f879c1f32e8e0,92207e8fe7cc445c7426218da06b0b064f9df941,observed-dev-reconciliation-20260807.1,A1_RECON_20260807_01,P4_RAW_OBSERVED_20260806_01,crawl/control/ACTIVITY_TEXT_FALLBACK_CONTRACT.json,A,,d51c581d8686731a4b67519cbe1dfd6b9b22f532,SOURCE_CODE,CRAWL_HANDOFF,Audited crawl source/control/test authority selected over integration drift.,A1,IMPORTED,CONSUME_RECONCILIATION_COMMIT,SOURCE
agent/p4-a1-reconcile-crawl-authority-v1,5508fce02ba5396b5d5a55870f1f879c1f32e8e0,92207e8fe7cc445c7426218da06b0b064f9df941,observed-dev-reconciliation-20260807.1,A1_RECON_20260807_01,P4_RAW_OBSERVED_20260806_01,crawl/control/CURRENT_RUN_MANIFEST.schema.json,D,acb15d695e5bd6d486ebaef4d5d9eb49657918f8,,STALE,INTEGRATION_RETAINED,Crawl handoff deletion was not replayed; prior artifact remains for lineage.,A1,SUPERSEDED_RETAINED,RETAIN_UNTIL_A3_SUPERSEDES,SOURCE
agent/p4-a1-reconcile-crawl-authority-v1,5508fce02ba5396b5d5a55870f1f879c1f32e8e0,92207e8fe7cc445c7426218da06b0b064f9df941,observed-dev-reconciliation-20260807.1,A1_RECON_20260807_01,P4_RAW_OBSERVED_20260806_01,crawl/control/NOTEBOOK_EXECUTION_CONTRACT.md,M,bf52bb6b165f9d76d6f2170a39e7241a5d92601a,17682cdeb83595743fce6cbdcbdb0256419950f1,SOURCE_CODE,CRAWL_HANDOFF,Audited crawl source/control/test authority selected over integration drift.,A1,IMPORTED,CONSUME_RECONCILIATION_COMMIT,SOURCE
agent/p4-a1-reconcile-crawl-authority-v1,5508fce02ba5396b5d5a55870f1f879c1f32e8e0,92207e8fe7cc445c7426218da06b0b064f9df941,observed-dev-reconciliation-20260807.1,A1_RECON_20260807_01,P4_RAW_OBSERVED_20260806_01,crawl/control/NOTEBOOK_RUNTIME_LOCK.json,D,92b6b5843b29ab0072933c5afbe7c592e7d3feec,,STALE,INTEGRATION_RETAINED,Crawl handoff deletion was not replayed; prior artifact remains for lineage.,A1,SUPERSEDED_RETAINED,RETAIN_UNTIL_A3_SUPERSEDES,SOURCE
agent/p4-a1-reconcile-crawl-authority-v1,5508fce02ba5396b5d5a55870f1f879c1f32e8e0,92207e8fe7cc445c7426218da06b0b064f9df941,observed-dev-reconciliation-20260807.1,A1_RECON_20260807_01,P4_RAW_OBSERVED_20260806_01,crawl/control/NOTEBOOK_STAGE_REGISTRY.yaml,M,1ca92ba6d9836d7055d38bad8e3feb89ca9ce828,2d2d5250bad0d67fed2cde49dd3d87806af083e1,SOURCE_CODE,CRAWL_HANDOFF,Audited crawl source/control/test authority selected over integration drift.,A1,IMPORTED,CONSUME_RECONCILIATION_COMMIT,SOURCE
agent/p4-a1-reconcile-crawl-authority-v1,5508fce02ba5396b5d5a55870f1f879c1f32e8e0,92207e8fe7cc445c7426218da06b0b064f9df941,observed-dev-reconciliation-20260807.1,A1_RECON_20260807_01,P4_RAW_OBSERVED_20260806_01,crawl/control/notebook_bundle.py,M,248969e79b1089685a6fcabf9af33b865d72c308,66bc93cc33057962df2bec651077be6fc1d90783,SOURCE_CODE,CRAWL_HANDOFF,Audited crawl source/control/test authority selected over integration drift.,A1,IMPORTED,CONSUME_RECONCILIATION_COMMIT,SOURCE
agent/p4-a1-reconcile-crawl-authority-v1,5508fce02ba5396b5d5a55870f1f879c1f32e8e0,92207e8fe7cc445c7426218da06b0b064f9df941,observed-dev-reconciliation-20260807.1,A1_RECON_20260807_01,P4_RAW_OBSERVED_20260806_01,crawl/control/tests/test_blob_provenance.py,A,,fe7ba5ef4a97878d8f141ac7e10e60f403515d22,SOURCE_CODE,CRAWL_HANDOFF,Audited crawl source/control/test authority selected over integration drift.,A1,IMPORTED,CONSUME_RECONCILIATION_COMMIT,SOURCE
agent/p4-a1-reconcile-crawl-authority-v1,5508fce02ba5396b5d5a55870f1f879c1f32e8e0,92207e8fe7cc445c7426218da06b0b064f9df941,observed-dev-reconciliation-20260807.1,A1_RECON_20260807_01,P4_RAW_OBSERVED_20260806_01,crawl/control/tests/test_control.py,M,b120cf87e60015cec93d43cf7687533b95c3650b,4cf72316daafe0d51e5e3d264ae2707222e0c101,SOURCE_CODE,CRAWL_HANDOFF,Audited crawl source/control/test authority selected over integration drift.,A1,IMPORTED,CONSUME_RECONCILIATION_COMMIT,SOURCE
agent/p4-a1-reconcile-crawl-authority-v1,5508fce02ba5396b5d5a55870f1f879c1f32e8e0,92207e8fe7cc445c7426218da06b0b064f9df941,observed-dev-reconciliation-20260807.1,A1_RECON_20260807_01,P4_RAW_OBSERVED_20260806_01,crawl/control/tests/test_current_run_manifest.py,A,,c61e3757cc4d2df81f68e6b73a7115125afa5f46,SOURCE_CODE,CRAWL_HANDOFF,Audited crawl source/control/test authority selected over integration drift.,A1,IMPORTED,CONSUME_RECONCILIATION_COMMIT,SOURCE
agent/p4-a1-reconcile-crawl-authority-v1,5508fce02ba5396b5d5a55870f1f879c1f32e8e0,92207e8fe7cc445c7426218da06b0b064f9df941,observed-dev-reconciliation-20260807.1,A1_RECON_20260807_01,P4_RAW_OBSERVED_20260806_01,crawl/control/tests/test_notebook_topology.py,A,,2be78e289cae22a51a174094868034496ab3838a,SOURCE_CODE,CRAWL_HANDOFF,Audited crawl source/control/test authority selected over integration drift.,A1,IMPORTED,CONSUME_RECONCILIATION_COMMIT,SOURCE
agent/p4-a1-reconcile-crawl-authority-v1,5508fce02ba5396b5d5a55870f1f879c1f32e8e0,92207e8fe7cc445c7426218da06b0b064f9df941,observed-dev-reconciliation-20260807.1,A1_RECON_20260807_01,P4_RAW_OBSERVED_20260806_01,crawl/control/validate_control.py,M,04327155545e02bc7f0f83c07d35ec442c0cede9,c1002a18ed79ee481b8ea9d06c4748644808a957,SOURCE_CODE,CRAWL_HANDOFF,Audited crawl source/control/test authority selected over integration drift.,A1,IMPORTED,CONSUME_RECONCILIATION_COMMIT,SOURCE
agent/p4-a1-reconcile-crawl-authority-v1,5508fce02ba5396b5d5a55870f1f879c1f32e8e0,92207e8fe7cc445c7426218da06b0b064f9df941,observed-dev-reconciliation-20260807.1,A1_RECON_20260807_01,P4_RAW_OBSERVED_20260806_01,crawl/notebooks/00RecoverSourceState.ipynb,M,e2ac504a343e36a2806b44bf863e56681a4e851c,10d694b502ed03da1da957e41bcaf83fab62ed59,NOTEBOOK_SOURCE,CRAWL_HANDOFF,Audited source Notebook blob and normalized cell authority selected.,A1,IMPORTED,CONSUME_RECONCILIATION_COMMIT,SOURCE
agent/p4-a1-reconcile-crawl-authority-v1,5508fce02ba5396b5d5a55870f1f879c1f32e8e0,92207e8fe7cc445c7426218da06b0b064f9df941,observed-dev-reconciliation-20260807.1,A1_RECON_20260807_01,P4_RAW_OBSERVED_20260806_01,crawl/notebooks/01CollectLinkareerIndex.ipynb,M,1f2660f46be6d501bd9aadad806e5fe3c1e5e916,bac8aecfd85706f7729e45c3162a3cc4c79266fd,NOTEBOOK_SOURCE,CRAWL_HANDOFF,Audited source Notebook blob and normalized cell authority selected.,A1,IMPORTED,CONSUME_RECONCILIATION_COMMIT,SOURCE
agent/p4-a1-reconcile-crawl-authority-v1,5508fce02ba5396b5d5a55870f1f879c1f32e8e0,92207e8fe7cc445c7426218da06b0b064f9df941,observed-dev-reconciliation-20260807.1,A1_RECON_20260807_01,P4_RAW_OBSERVED_20260806_01,crawl/notebooks/02CollectPostingDetail.ipynb,M,0c60c23b4c4ced8c221833036c8733b1dae2e2ce,c92a2ce8bddd605986d7df81ee8d6f756ace33ee,NOTEBOOK_SOURCE,CRAWL_HANDOFF,Audited source Notebook blob and normalized cell authority selected.,A1,IMPORTED,CONSUME_RECONCILIATION_COMMIT,SOURCE
agent/p4-a1-reconcile-crawl-authority-v1,5508fce02ba5396b5d5a55870f1f879c1f32e8e0,92207e8fe7cc445c7426218da06b0b064f9df941,observed-dev-reconciliation-20260807.1,A1_RECON_20260807_01,P4_RAW_OBSERVED_20260806_01,crawl/notebooks/03CollectPostingAssets.ipynb,M,ac434ff81b28fd9a036b198dd4be18f03c0a2e33,fa627d18929db367564f799073f8f6f113166d37,NOTEBOOK_SOURCE,CRAWL_HANDOFF,Audited source Notebook blob and normalized cell authority selected.,A1,IMPORTED,CONSUME_RECONCILIATION_COMMIT,SOURCE
agent/p4-a1-reconcile-crawl-authority-v1,5508fce02ba5396b5d5a55870f1f879c1f32e8e0,92207e8fe7cc445c7426218da06b0b064f9df941,observed-dev-reconciliation-20260807.1,A1_RECON_20260807_01,P4_RAW_OBSERVED_20260806_01,crawl/notebooks/04BuildCrawlRelease.ipynb,M,499ca85e1da55754492f731cfb2711d579935735,ab22d6474f1db916103a2b438edf8d404165248b,NOTEBOOK_SOURCE,CRAWL_HANDOFF,Audited source Notebook blob and normalized cell authority selected.,A1,IMPORTED,CONSUME_RECONCILIATION_COMMIT,SOURCE
agent/p4-a1-reconcile-crawl-authority-v1,5508fce02ba5396b5d5a55870f1f879c1f32e8e0,92207e8fe7cc445c7426218da06b0b064f9df941,observed-dev-reconciliation-20260807.1,A1_RECON_20260807_01,P4_RAW_OBSERVED_20260806_01,crawl/notebooks/P4_Notebook_First_Master.ipynb,M,8b50cbdebdff834f2a0cd68c21a0ce0e2a91eadb,b7b11629339383d1071544240a6b016de3f014d4,NOTEBOOK_SOURCE,CRAWL_HANDOFF,Audited source Notebook blob and normalized cell authority selected.,A1,IMPORTED,CONSUME_RECONCILIATION_COMMIT,SOURCE
agent/p4-a1-reconcile-crawl-authority-v1,5508fce02ba5396b5d5a55870f1f879c1f32e8e0,92207e8fe7cc445c7426218da06b0b064f9df941,observed-dev-reconciliation-20260807.1,A1_RECON_20260807_01,P4_RAW_OBSERVED_20260806_01,crawl/pyproject.toml,A,,6069d74dddf9bdf6eb2987e9d87014b45c3fd082,SOURCE_CODE,CRAWL_HANDOFF,Audited crawl source/control/test authority selected over integration drift.,A1,IMPORTED,CONSUME_RECONCILIATION_COMMIT,SOURCE
agent/p4-a1-reconcile-crawl-authority-v1,5508fce02ba5396b5d5a55870f1f879c1f32e8e0,92207e8fe7cc445c7426218da06b0b064f9df941,observed-dev-reconciliation-20260807.1,A1_RECON_20260807_01,P4_RAW_OBSERVED_20260806_01,crawl/reports/agent5_notebook_audit/AGENT5_CRAWL_NOTEBOOK_DEEP_AUDIT.json,D,8bef0391b2f3f1bc34f0f42f92fbb192866122c4,,GENERATED_EVIDENCE,INTEGRATION_RETAINED,"Generated evidence is retained or referenced, never selected as source authority.",A1/A5,RETAINED,RETAIN_EXISTING_EVIDENCE,GENERATED
agent/p4-a1-reconcile-crawl-authority-v1,5508fce02ba5396b5d5a55870f1f879c1f32e8e0,92207e8fe7cc445c7426218da06b0b064f9df941,observed-dev-reconciliation-20260807.1,A1_RECON_20260807_01,P4_RAW_OBSERVED_20260806_01,crawl/reports/agent5_notebook_audit/AGENT5_CRAWL_NOTEBOOK_DEEP_AUDIT.md,D,15dbde92538fa109d4785e0b43f32f1cf024f41b,,GENERATED_EVIDENCE,INTEGRATION_RETAINED,"Generated evidence is retained or referenced, never selected as source authority.",A1/A5,RETAINED,RETAIN_EXISTING_EVIDENCE,GENERATED
agent/p4-a1-reconcile-crawl-authority-v1,5508fce02ba5396b5d5a55870f1f879c1f32e8e0,92207e8fe7cc445c7426218da06b0b064f9df941,observed-dev-reconciliation-20260807.1,A1_RECON_20260807_01,P4_RAW_OBSERVED_20260806_01,crawl/reports/agent5_notebook_audit/AGENT5_NOTEBOOK_DEFECT_REGISTER.csv,D,ecf2e6d002f83ecdf69483321be2c74d61a1916a,,GENERATED_EVIDENCE,INTEGRATION_RETAINED,"Generated evidence is retained or referenced, never selected as source authority.",A1/A5,RETAINED,RETAIN_EXISTING_EVIDENCE,GENERATED
agent/p4-a1-reconcile-crawl-authority-v1,5508fce02ba5396b5d5a55870f1f879c1f32e8e0,92207e8fe7cc445c7426218da06b0b064f9df941,observed-dev-reconciliation-20260807.1,A1_RECON_20260807_01,P4_RAW_OBSERVED_20260806_01,crawl/reports/agent5_notebook_audit/AGENT5_USER_DECISION_PACKET.json,D,fe2b4285da02ac7e197e773bce7c87e1738d3a54,,GENERATED_EVIDENCE,INTEGRATION_RETAINED,"Generated evidence is retained or referenced, never selected as source authority.",A1/A5,RETAINED,RETAIN_EXISTING_EVIDENCE,GENERATED
agent/p4-a1-reconcile-crawl-authority-v1,5508fce02ba5396b5d5a55870f1f879c1f32e8e0,92207e8fe7cc445c7426218da06b0b064f9df941,observed-dev-reconciliation-20260807.1,A1_RECON_20260807_01,P4_RAW_OBSERVED_20260806_01,crawl/reports/agent5_notebook_audit/AGENT5_USER_DECISION_PACKET.md,D,d23c567472247cc6e4f02aeefe7d2e87d5c3dc38,,GENERATED_EVIDENCE,INTEGRATION_RETAINED,"Generated evidence is retained or referenced, never selected as source authority.",A1/A5,RETAINED,RETAIN_EXISTING_EVIDENCE,GENERATED
agent/p4-a1-reconcile-crawl-authority-v1,5508fce02ba5396b5d5a55870f1f879c1f32e8e0,92207e8fe7cc445c7426218da06b0b064f9df941,observed-dev-reconciliation-20260807.1,A1_RECON_20260807_01,P4_RAW_OBSERVED_20260806_01,crawl/reports/agent5_notebook_audit/EVIDENCE_MANIFEST.sha256,D,f295a6e1e197d0a80b2a73054db4f64b9a0245ae,,GENERATED_EVIDENCE,INTEGRATION_RETAINED,"Generated evidence is retained or referenced, never selected as source authority.",A1/A5,RETAINED,RETAIN_EXISTING_EVIDENCE,GENERATED
agent/p4-a1-reconcile-crawl-authority-v1,5508fce02ba5396b5d5a55870f1f879c1f32e8e0,92207e8fe7cc445c7426218da06b0b064f9df941,observed-dev-reconciliation-20260807.1,A1_RECON_20260807_01,P4_RAW_OBSERVED_20260806_01,crawl/reports/agent5_notebook_audit/NOTEBOOK_CELL_FORENSIC_INVENTORY.csv,D,4cacd9ee313a5a2e97ff0e1dab3ee4d21a746325,,GENERATED_EVIDENCE,INTEGRATION_RETAINED,"Generated evidence is retained or referenced, never selected as source authority.",A1/A5,RETAINED,RETAIN_EXISTING_EVIDENCE,GENERATED
agent/p4-a1-reconcile-crawl-authority-v1,5508fce02ba5396b5d5a55870f1f879c1f32e8e0,92207e8fe7cc445c7426218da06b0b064f9df941,observed-dev-reconciliation-20260807.1,A1_RECON_20260807_01,P4_RAW_OBSERVED_20260806_01,crawl/reports/agent5_notebook_audit/NOTEBOOK_CHECKSUM_AUDIT.csv,D,c9b08214c0b13ec532d97f7dd3ee97705de6a508,,GENERATED_EVIDENCE,INTEGRATION_RETAINED,"Generated evidence is retained or referenced, never selected as source authority.",A1/A5,RETAINED,RETAIN_EXISTING_EVIDENCE,GENERATED
agent/p4-a1-reconcile-crawl-authority-v1,5508fce02ba5396b5d5a55870f1f879c1f32e8e0,92207e8fe7cc445c7426218da06b0b064f9df941,observed-dev-reconciliation-20260807.1,A1_RECON_20260807_01,P4_RAW_OBSERVED_20260806_01,crawl/reports/agent5_notebook_audit/NOTEBOOK_DATA_IO_LINEAGE.csv,D,289717aea8d53ec016beeb83acaa5e92f9c55548,,GENERATED_EVIDENCE,INTEGRATION_RETAINED,"Generated evidence is retained or referenced, never selected as source authority.",A1/A5,RETAINED,RETAIN_EXISTING_EVIDENCE,GENERATED
agent/p4-a1-reconcile-crawl-authority-v1,5508fce02ba5396b5d5a55870f1f879c1f32e8e0,92207e8fe7cc445c7426218da06b0b064f9df941,observed-dev-reconciliation-20260807.1,A1_RECON_20260807_01,P4_RAW_OBSERVED_20260806_01,crawl/reports/agent5_notebook_audit/NOTEBOOK_DEPENDENCY_GRAPH.mmd,D,6dc1220f796df4b726c493e1974d9126c6499528,,GENERATED_EVIDENCE,INTEGRATION_RETAINED,"Generated evidence is retained or referenced, never selected as source authority.",A1/A5,RETAINED,RETAIN_EXISTING_EVIDENCE,GENERATED
agent/p4-a1-reconcile-crawl-authority-v1,5508fce02ba5396b5d5a55870f1f879c1f32e8e0,92207e8fe7cc445c7426218da06b0b064f9df941,observed-dev-reconciliation-20260807.1,A1_RECON_20260807_01,P4_RAW_OBSERVED_20260806_01,crawl/reports/agent5_notebook_audit/NOTEBOOK_EXECUTION_SAFETY_MATRIX.csv,D,20a6e225607be0cd9ee447ebf3703df877aae3db,,GENERATED_EVIDENCE,INTEGRATION_RETAINED,"Generated evidence is retained or referenced, never selected as source authority.",A1/A5,RETAINED,RETAIN_EXISTING_EVIDENCE,GENERATED
agent/p4-a1-reconcile-crawl-authority-v1,5508fce02ba5396b5d5a55870f1f879c1f32e8e0,92207e8fe7cc445c7426218da06b0b064f9df941,observed-dev-reconciliation-20260807.1,A1_RECON_20260807_01,P4_RAW_OBSERVED_20260806_01,crawl/reports/agent5_notebook_audit/NOTEBOOK_FILE_INTEGRITY.csv,D,504925597a142fa88d99d9d70507b1363a1b4498,,GENERATED_EVIDENCE,INTEGRATION_RETAINED,"Generated evidence is retained or referenced, never selected as source authority.",A1/A5,RETAINED,RETAIN_EXISTING_EVIDENCE,GENERATED
agent/p4-a1-reconcile-crawl-authority-v1,5508fce02ba5396b5d5a55870f1f879c1f32e8e0,92207e8fe7cc445c7426218da06b0b064f9df941,observed-dev-reconciliation-20260807.1,A1_RECON_20260807_01,P4_RAW_OBSERVED_20260806_01,crawl/reports/agent5_notebook_audit/NOTEBOOK_MODULE_DEPENDENCY_MATRIX.csv,D,8fa13e86a2337bb1c428d1e3b40b3884e8318e3a,,GENERATED_EVIDENCE,INTEGRATION_RETAINED,"Generated evidence is retained or referenced, never selected as source authority.",A1/A5,RETAINED,RETAIN_EXISTING_EVIDENCE,GENERATED
agent/p4-a1-reconcile-crawl-authority-v1,5508fce02ba5396b5d5a55870f1f879c1f32e8e0,92207e8fe7cc445c7426218da06b0b064f9df941,observed-dev-reconciliation-20260807.1,A1_RECON_20260807_01,P4_RAW_OBSERVED_20260806_01,crawl/reports/agent5_notebook_audit/NOTEBOOK_RUNTIME_DEPENDENCY_MATRIX.csv,D,969b5cc53077988cd37db155dee7012330cc1374,,GENERATED_EVIDENCE,INTEGRATION_RETAINED,"Generated evidence is retained or referenced, never selected as source authority.",A1/A5,RETAINED,RETAIN_EXISTING_EVIDENCE,GENERATED
agent/p4-a1-reconcile-crawl-authority-v1,5508fce02ba5396b5d5a55870f1f879c1f32e8e0,92207e8fe7cc445c7426218da06b0b064f9df941,observed-dev-reconciliation-20260807.1,A1_RECON_20260807_01,P4_RAW_OBSERVED_20260806_01,crawl/reports/agent5_notebook_audit/NOTEBOOK_SOURCE_EXECUTED_PARITY.csv,D,c75eee60e9b8a70dc08b6a6e1ae6abd891de9c89,,GENERATED_EVIDENCE,INTEGRATION_RETAINED,"Generated evidence is retained or referenced, never selected as source authority.",A1/A5,RETAINED,RETAIN_EXISTING_EVIDENCE,GENERATED
agent/p4-a1-reconcile-crawl-authority-v1,5508fce02ba5396b5d5a55870f1f879c1f32e8e0,92207e8fe7cc445c7426218da06b0b064f9df941,observed-dev-reconciliation-20260807.1,A1_RECON_20260807_01,P4_RAW_OBSERVED_20260806_01,crawl/reports/agent5_notebook_audit/NOTEBOOK_STAGE_PROGRESS_MATRIX.csv,D,2f742655d03904e41f95f601cd0891e0aa3ac7fd,,GENERATED_EVIDENCE,INTEGRATION_RETAINED,"Generated evidence is retained or referenced, never selected as source authority.",A1/A5,RETAINED,RETAIN_EXISTING_EVIDENCE,GENERATED
agent/p4-a1-reconcile-crawl-authority-v1,5508fce02ba5396b5d5a55870f1f879c1f32e8e0,92207e8fe7cc445c7426218da06b0b064f9df941,observed-dev-reconciliation-20260807.1,A1_RECON_20260807_01,P4_RAW_OBSERVED_20260806_01,crawl/reports/m1/AGENT1_NOTEBOOK_MODULE_CALL_MATRIX.csv,M,4aea3003b56aedfef84ee5448186567f89c8c73e,cc35fc680a5b0b297b226c9558b34f010ce4df55,GENERATED_EVIDENCE,CRAWL_HANDOFF_EVIDENCE_REFERENCE,"Generated evidence is retained or referenced, never selected as source authority.",A1/A5,REFERENCED_NOT_SOURCE,DO_NOT_TREAT_AS_SOURCE_AUTHORITY,GENERATED
agent/p4-a1-reconcile-crawl-authority-v1,5508fce02ba5396b5d5a55870f1f879c1f32e8e0,92207e8fe7cc445c7426218da06b0b064f9df941,observed-dev-reconciliation-20260807.1,A1_RECON_20260807_01,P4_RAW_OBSERVED_20260806_01,crawl/reports/m1_5_control_patch/CHECKSUMS.sha256,A,,5b32d0ff9b64b40381ae91ec1fc674e1e683c0f2,GENERATED_EVIDENCE,CRAWL_HANDOFF_EVIDENCE_REFERENCE,"Generated evidence is retained or referenced, never selected as source authority.",A1/A5,REFERENCED_NOT_SOURCE,DO_NOT_TREAT_AS_SOURCE_AUTHORITY,GENERATED
agent/p4-a1-reconcile-crawl-authority-v1,5508fce02ba5396b5d5a55870f1f879c1f32e8e0,92207e8fe7cc445c7426218da06b0b064f9df941,observed-dev-reconciliation-20260807.1,A1_RECON_20260807_01,P4_RAW_OBSERVED_20260806_01,crawl/reports/m1_5_control_patch/CRAWL_CURRENT_RUN_MANIFEST_AUDIT.csv,A,,44efe8426a7992e8eb638c6f46efd3f1c02e62a2,GENERATED_EVIDENCE,CRAWL_HANDOFF_EVIDENCE_REFERENCE,"Generated evidence is retained or referenced, never selected as source authority.",A1/A5,REFERENCED_NOT_SOURCE,DO_NOT_TREAT_AS_SOURCE_AUTHORITY,GENERATED
agent/p4-a1-reconcile-crawl-authority-v1,5508fce02ba5396b5d5a55870f1f879c1f32e8e0,92207e8fe7cc445c7426218da06b0b064f9df941,observed-dev-reconciliation-20260807.1,A1_RECON_20260807_01,P4_RAW_OBSERVED_20260806_01,crawl/reports/m1_5_control_patch/CRAWL_M1_5_DEFECT_REGISTER.csv,A,,f5d0ee04d7c09cb2be5eb6368ff0b0da0ee922e7,GENERATED_EVIDENCE,CRAWL_HANDOFF_EVIDENCE_REFERENCE,"Generated evidence is retained or referenced, never selected as source authority.",A1/A5,REFERENCED_NOT_SOURCE,DO_NOT_TREAT_AS_SOURCE_AUTHORITY,GENERATED
agent/p4-a1-reconcile-crawl-authority-v1,5508fce02ba5396b5d5a55870f1f879c1f32e8e0,92207e8fe7cc445c7426218da06b0b064f9df941,observed-dev-reconciliation-20260807.1,A1_RECON_20260807_01,P4_RAW_OBSERVED_20260806_01,crawl/reports/m1_5_control_patch/CRAWL_M1_5_GATE_STATUS.csv,A,,697faccf4ca8640c5cbba8becffbb7e1abfe044c,GENERATED_EVIDENCE,CRAWL_HANDOFF_EVIDENCE_REFERENCE,"Generated evidence is retained or referenced, never selected as source authority.",A1/A5,REFERENCED_NOT_SOURCE,DO_NOT_TREAT_AS_SOURCE_AUTHORITY,GENERATED
agent/p4-a1-reconcile-crawl-authority-v1,5508fce02ba5396b5d5a55870f1f879c1f32e8e0,92207e8fe7cc445c7426218da06b0b064f9df941,observed-dev-reconciliation-20260807.1,A1_RECON_20260807_01,P4_RAW_OBSERVED_20260806_01,crawl/reports/m1_5_control_patch/CRAWL_M1_5_PATCH_DEFECT_REGISTER.csv,A,,f5d0ee04d7c09cb2be5eb6368ff0b0da0ee922e7,GENERATED_EVIDENCE,CRAWL_HANDOFF_EVIDENCE_REFERENCE,"Generated evidence is retained or referenced, never selected as source authority.",A1/A5,REFERENCED_NOT_SOURCE,DO_NOT_TREAT_AS_SOURCE_AUTHORITY,GENERATED
agent/p4-a1-reconcile-crawl-authority-v1,5508fce02ba5396b5d5a55870f1f879c1f32e8e0,92207e8fe7cc445c7426218da06b0b064f9df941,observed-dev-reconciliation-20260807.1,A1_RECON_20260807_01,P4_RAW_OBSERVED_20260806_01,crawl/reports/m1_5_control_patch/CRAWL_M1_5_PATCH_MANIFEST.json,A,,38a5fe3b5d2306d615e29a6c9fca375203626ece,GENERATED_EVIDENCE,CRAWL_HANDOFF_EVIDENCE_REFERENCE,"Generated evidence is retained or referenced, never selected as source authority.",A1/A5,REFERENCED_NOT_SOURCE,DO_NOT_TREAT_AS_SOURCE_AUTHORITY,GENERATED
agent/p4-a1-reconcile-crawl-authority-v1,5508fce02ba5396b5d5a55870f1f879c1f32e8e0,92207e8fe7cc445c7426218da06b0b064f9df941,observed-dev-reconciliation-20260807.1,A1_RECON_20260807_01,P4_RAW_OBSERVED_20260806_01,crawl/reports/m1_5_control_patch/CRAWL_M1_5_PATCH_REPORT.md,A,,4ea537ff72b71920bfa08ca28485bb29fc1d0b59,GENERATED_EVIDENCE,CRAWL_HANDOFF_EVIDENCE_REFERENCE,"Generated evidence is retained or referenced, never selected as source authority.",A1/A5,REFERENCED_NOT_SOURCE,DO_NOT_TREAT_AS_SOURCE_AUTHORITY,GENERATED
agent/p4-a1-reconcile-crawl-authority-v1,5508fce02ba5396b5d5a55870f1f879c1f32e8e0,92207e8fe7cc445c7426218da06b0b064f9df941,observed-dev-reconciliation-20260807.1,A1_RECON_20260807_01,P4_RAW_OBSERVED_20260806_01,crawl/reports/m1_5_control_patch/CRAWL_NOTEBOOK_SOURCE_BLOB_MANIFEST.csv,A,,053e30440d15616c9cfaf3d6f7368cddcf4878fa,GENERATED_EVIDENCE,CRAWL_HANDOFF_EVIDENCE_REFERENCE,"Generated evidence is retained or referenced, never selected as source authority.",A1/A5,REFERENCED_NOT_SOURCE,DO_NOT_TREAT_AS_SOURCE_AUTHORITY,GENERATED
agent/p4-a1-reconcile-crawl-authority-v1,5508fce02ba5396b5d5a55870f1f879c1f32e8e0,92207e8fe7cc445c7426218da06b0b064f9df941,observed-dev-reconciliation-20260807.1,A1_RECON_20260807_01,P4_RAW_OBSERVED_20260806_01,crawl/reports/m1_5_control_patch/CRAWL_ORCHESTRATOR_HANDOFF.json,A,,ae5419bee79b9497a6103791becf588b6262281a,GENERATED_EVIDENCE,CRAWL_HANDOFF_EVIDENCE_REFERENCE,"Generated evidence is retained or referenced, never selected as source authority.",A1/A5,REFERENCED_NOT_SOURCE,DO_NOT_TREAT_AS_SOURCE_AUTHORITY,GENERATED
agent/p4-a1-reconcile-crawl-authority-v1,5508fce02ba5396b5d5a55870f1f879c1f32e8e0,92207e8fe7cc445c7426218da06b0b064f9df941,observed-dev-reconciliation-20260807.1,A1_RECON_20260807_01,P4_RAW_OBSERVED_20260806_01,crawl/reports/m1_5_control_patch/CRAWL_PATCH_BASELINE.md,A,,29aa8097cf0ac14c5d4ab5634f07c6c6a7857696,GENERATED_EVIDENCE,CRAWL_HANDOFF_EVIDENCE_REFERENCE,"Generated evidence is retained or referenced, never selected as source authority.",A1/A5,REFERENCED_NOT_SOURCE,DO_NOT_TREAT_AS_SOURCE_AUTHORITY,GENERATED
agent/p4-a1-reconcile-crawl-authority-v1,5508fce02ba5396b5d5a55870f1f879c1f32e8e0,92207e8fe7cc445c7426218da06b0b064f9df941,observed-dev-reconciliation-20260807.1,A1_RECON_20260807_01,P4_RAW_OBSERVED_20260806_01,crawl/reports/m1_5_control_patch/CRAWL_PATCH_DEFECT_MAP.csv,A,,280b0204df88fc25a5802a6b9e45fca9e57fe84d,GENERATED_EVIDENCE,CRAWL_HANDOFF_EVIDENCE_REFERENCE,"Generated evidence is retained or referenced, never selected as source authority.",A1/A5,REFERENCED_NOT_SOURCE,DO_NOT_TREAT_AS_SOURCE_AUTHORITY,GENERATED
agent/p4-a1-reconcile-crawl-authority-v1,5508fce02ba5396b5d5a55870f1f879c1f32e8e0,92207e8fe7cc445c7426218da06b0b064f9df941,observed-dev-reconciliation-20260807.1,A1_RECON_20260807_01,P4_RAW_OBSERVED_20260806_01,crawl/reports/m1_5_control_patch/CRAWL_RAW_POSTING_BINDING_AUDIT.csv,A,,448b3a57a853999c85a37ee9a423b2c4b554510d,GENERATED_EVIDENCE,CRAWL_HANDOFF_EVIDENCE_REFERENCE,"Generated evidence is retained or referenced, never selected as source authority.",A1/A5,REFERENCED_NOT_SOURCE,DO_NOT_TREAT_AS_SOURCE_AUTHORITY,GENERATED
agent/p4-a1-reconcile-crawl-authority-v1,5508fce02ba5396b5d5a55870f1f879c1f32e8e0,92207e8fe7cc445c7426218da06b0b064f9df941,observed-dev-reconciliation-20260807.1,A1_RECON_20260807_01,P4_RAW_OBSERVED_20260806_01,crawl/reports/m1_5_control_patch/CRAWL_RELEASE_PORTABILITY_AUDIT.csv,A,,b3f6e2b3026129bdc028fa9303850c4dbff0a5f5,GENERATED_EVIDENCE,CRAWL_HANDOFF_EVIDENCE_REFERENCE,"Generated evidence is retained or referenced, never selected as source authority.",A1/A5,REFERENCED_NOT_SOURCE,DO_NOT_TREAT_AS_SOURCE_AUTHORITY,GENERATED
agent/p4-a1-reconcile-crawl-authority-v1,5508fce02ba5396b5d5a55870f1f879c1f32e8e0,92207e8fe7cc445c7426218da06b0b064f9df941,observed-dev-reconciliation-20260807.1,A1_RECON_20260807_01,P4_RAW_OBSERVED_20260806_01,crawl/reports/m1_5_control_patch/CRAWL_REPLAY_SUMMARY.csv,A,,2923c5321e55399987337f574ba71a693d7e7229,GENERATED_EVIDENCE,CRAWL_HANDOFF_EVIDENCE_REFERENCE,"Generated evidence is retained or referenced, never selected as source authority.",A1/A5,REFERENCED_NOT_SOURCE,DO_NOT_TREAT_AS_SOURCE_AUTHORITY,GENERATED
agent/p4-a1-reconcile-crawl-authority-v1,5508fce02ba5396b5d5a55870f1f879c1f32e8e0,92207e8fe7cc445c7426218da06b0b064f9df941,observed-dev-reconciliation-20260807.1,A1_RECON_20260807_01,P4_RAW_OBSERVED_20260806_01,crawl/reports/m1_5_control_patch/CRAWL_SOURCE_POLICY_TESTS.csv,A,,efdf67c68895526378f98ed683ebb8bac20b3b20,GENERATED_EVIDENCE,CRAWL_HANDOFF_EVIDENCE_REFERENCE,"Generated evidence is retained or referenced, never selected as source authority.",A1/A5,REFERENCED_NOT_SOURCE,DO_NOT_TREAT_AS_SOURCE_AUTHORITY,GENERATED
agent/p4-a1-reconcile-crawl-authority-v1,5508fce02ba5396b5d5a55870f1f879c1f32e8e0,92207e8fe7cc445c7426218da06b0b064f9df941,observed-dev-reconciliation-20260807.1,A1_RECON_20260807_01,P4_RAW_OBSERVED_20260806_01,crawl/reports/m1_5_control_patch/CRAWL_STAGE_DEPENDENCY_GRAPH.csv,A,,5c0c31fdb5d4d8e2c0c5b9064e9914811b8511f3,GENERATED_EVIDENCE,CRAWL_HANDOFF_EVIDENCE_REFERENCE,"Generated evidence is retained or referenced, never selected as source authority.",A1/A5,REFERENCED_NOT_SOURCE,DO_NOT_TREAT_AS_SOURCE_AUTHORITY,GENERATED
agent/p4-a1-reconcile-crawl-authority-v1,5508fce02ba5396b5d5a55870f1f879c1f32e8e0,92207e8fe7cc445c7426218da06b0b064f9df941,observed-dev-reconciliation-20260807.1,A1_RECON_20260807_01,P4_RAW_OBSERVED_20260806_01,crawl/reports/m1_5_control_patch/CRAWL_STAGE_TOPOLOGICAL_ORDER.csv,A,,eecf5eab2e942a062a4cc5fb669c76e5c7248381,GENERATED_EVIDENCE,CRAWL_HANDOFF_EVIDENCE_REFERENCE,"Generated evidence is retained or referenced, never selected as source authority.",A1/A5,REFERENCED_NOT_SOURCE,DO_NOT_TREAT_AS_SOURCE_AUTHORITY,GENERATED
agent/p4-a1-reconcile-crawl-authority-v1,5508fce02ba5396b5d5a55870f1f879c1f32e8e0,92207e8fe7cc445c7426218da06b0b064f9df941,observed-dev-reconciliation-20260807.1,A1_RECON_20260807_01,P4_RAW_OBSERVED_20260806_01,crawl/reports/m1_5_control_patch/CRAWL_VALIDATOR_NEGATIVE_TESTS.csv,A,,af7773350e46ae71a3ef30326394c32be3fa4532,GENERATED_EVIDENCE,CRAWL_HANDOFF_EVIDENCE_REFERENCE,"Generated evidence is retained or referenced, never selected as source authority.",A1/A5,REFERENCED_NOT_SOURCE,DO_NOT_TREAT_AS_SOURCE_AUTHORITY,GENERATED
agent/p4-a1-reconcile-crawl-authority-v1,5508fce02ba5396b5d5a55870f1f879c1f32e8e0,92207e8fe7cc445c7426218da06b0b064f9df941,observed-dev-reconciliation-20260807.1,A1_RECON_20260807_01,P4_RAW_OBSERVED_20260806_01,crawl/reports/m1_5_control_patch/RUNTIME_DEPENDENCY_LOCK.json,A,,b85f3d582cde41ac1141838d2139408a54bce591,GENERATED_EVIDENCE,CRAWL_HANDOFF_EVIDENCE_REFERENCE,"Generated evidence is retained or referenced, never selected as source authority.",A1/A5,REFERENCED_NOT_SOURCE,DO_NOT_TREAT_AS_SOURCE_AUTHORITY,GENERATED
agent/p4-a1-reconcile-crawl-authority-v1,5508fce02ba5396b5d5a55870f1f879c1f32e8e0,92207e8fe7cc445c7426218da06b0b064f9df941,observed-dev-reconciliation-20260807.1,A1_RECON_20260807_01,P4_RAW_OBSERVED_20260806_01,crawl/reports/m1_5_control_patch/TEST_COMMANDS_AND_EXIT_CODES.md,A,,0233884bf30e5f12a8552bb89053f23be1a06646,GENERATED_EVIDENCE,CRAWL_HANDOFF_EVIDENCE_REFERENCE,"Generated evidence is retained or referenced, never selected as source authority.",A1/A5,REFERENCED_NOT_SOURCE,DO_NOT_TREAT_AS_SOURCE_AUTHORITY,GENERATED
agent/p4-a1-reconcile-crawl-authority-v1,5508fce02ba5396b5d5a55870f1f879c1f32e8e0,92207e8fe7cc445c7426218da06b0b064f9df941,observed-dev-reconciliation-20260807.1,A1_RECON_20260807_01,P4_RAW_OBSERVED_20260806_01,crawl/scripts/build_m1_5_evidence.py,A,,025047a6945f07c3d9039210831046ba65167379,SOURCE_CODE,CRAWL_HANDOFF,Audited crawl source/control/test authority selected over integration drift.,A1,IMPORTED,CONSUME_RECONCILIATION_COMMIT,SOURCE
agent/p4-a1-reconcile-crawl-authority-v1,5508fce02ba5396b5d5a55870f1f879c1f32e8e0,92207e8fe7cc445c7426218da06b0b064f9df941,observed-dev-reconciliation-20260807.1,A1_RECON_20260807_01,P4_RAW_OBSERVED_20260806_01,crawl/scripts/build_master_notebook.py,M,394ac9cc3a4eb035893a541ddbfb1c9e2f0554c6,2e60aff2adf284217573a82b5aa17299e006b309,SOURCE_CODE,CRAWL_HANDOFF,Audited crawl source/control/test authority selected over integration drift.,A1,IMPORTED,CONSUME_RECONCILIATION_COMMIT,SOURCE
agent/p4-a1-reconcile-crawl-authority-v1,5508fce02ba5396b5d5a55870f1f879c1f32e8e0,92207e8fe7cc445c7426218da06b0b064f9df941,observed-dev-reconciliation-20260807.1,A1_RECON_20260807_01,P4_RAW_OBSERVED_20260806_01,crawl/scripts/dry_run_master.py,A,,8974546a41a9cc0f39a2e08ed79740567382038a,SOURCE_CODE,CRAWL_HANDOFF,Audited crawl source/control/test authority selected over integration drift.,A1,IMPORTED,CONSUME_RECONCILIATION_COMMIT,SOURCE
agent/p4-a1-reconcile-crawl-authority-v1,5508fce02ba5396b5d5a55870f1f879c1f32e8e0,92207e8fe7cc445c7426218da06b0b064f9df941,observed-dev-reconciliation-20260807.1,A1_RECON_20260807_01,P4_RAW_OBSERVED_20260806_01,crawl/scripts/execute_agent1_notebooks.py,M,a28af26de12ef3770293c943dcc2bea4580ed43b,e6e9298dde7348df36e90ce607215bce14a69b9e,SOURCE_CODE,CRAWL_HANDOFF,Audited crawl source/control/test authority selected over integration drift.,A1,IMPORTED,CONSUME_RECONCILIATION_COMMIT,SOURCE
agent/p4-a1-reconcile-crawl-authority-v1,5508fce02ba5396b5d5a55870f1f879c1f32e8e0,92207e8fe7cc445c7426218da06b0b064f9df941,observed-dev-reconciliation-20260807.1,A1_RECON_20260807_01,P4_RAW_OBSERVED_20260806_01,crawl/scripts/execute_master_notebook.py,M,dcd356a1934389bbea9a2dc51d175c9412d7c468,8b2d83cc797ae8cdb282ecf6368cd0de59148154,SOURCE_CODE,CRAWL_HANDOFF,Audited crawl source/control/test authority selected over integration drift.,A1,IMPORTED,CONSUME_RECONCILIATION_COMMIT,SOURCE
agent/p4-a1-reconcile-crawl-authority-v1,5508fce02ba5396b5d5a55870f1f879c1f32e8e0,92207e8fe7cc445c7426218da06b0b064f9df941,observed-dev-reconciliation-20260807.1,A1_RECON_20260807_01,P4_RAW_OBSERVED_20260806_01,crawl/scripts/render_agent1_notebooks.py,M,c69cfd1b7c076111892c9143de2481b91f7ac508,f7dfcedec4e3a264f99451cfc0ba22e10251c359,SOURCE_CODE,CRAWL_HANDOFF,Audited crawl source/control/test authority selected over integration drift.,A1,IMPORTED,CONSUME_RECONCILIATION_COMMIT,SOURCE
agent/p4-a1-reconcile-crawl-authority-v1,5508fce02ba5396b5d5a55870f1f879c1f32e8e0,92207e8fe7cc445c7426218da06b0b064f9df941,observed-dev-reconciliation-20260807.1,A1_RECON_20260807_01,P4_RAW_OBSERVED_20260806_01,crawl/scripts/validate_notebook_bundle.py,M,8bb4caf591399e34bd62c8bd4d99702a973789fd,56e7b0933614bc001eac311b2985defc7e1f92b4,SOURCE_CODE,CRAWL_HANDOFF,Audited crawl source/control/test authority selected over integration drift.,A1,IMPORTED,CONSUME_RECONCILIATION_COMMIT,SOURCE
agent/p4-a1-reconcile-crawl-authority-v1,5508fce02ba5396b5d5a55870f1f879c1f32e8e0,92207e8fe7cc445c7426218da06b0b064f9df941,observed-dev-reconciliation-20260807.1,A1_RECON_20260807_01,P4_RAW_OBSERVED_20260806_01,crawl/src/p4_crawl/apq.py,M,0e198b85daf22b3108d5ea115bedbb201f1a508b,bdf5b17cb55ed1ae96c402d7f9075e80c54be71a,SOURCE_CODE,CRAWL_HANDOFF,Audited crawl source/control/test authority selected over integration drift.,A1,IMPORTED,CONSUME_RECONCILIATION_COMMIT,SOURCE
agent/p4-a1-reconcile-crawl-authority-v1,5508fce02ba5396b5d5a55870f1f879c1f32e8e0,92207e8fe7cc445c7426218da06b0b064f9df941,observed-dev-reconciliation-20260807.1,A1_RECON_20260807_01,P4_RAW_OBSERVED_20260806_01,crawl/src/p4_crawl/assets.py,M,b927ede4285f3a0260cf09c6a18458bb2a292f67,8d7ed1a034b5d7b485ce3810f692155ae9e4e0db,SOURCE_CODE,CRAWL_HANDOFF,Audited crawl source/control/test authority selected over integration drift.,A1,IMPORTED,CONSUME_RECONCILIATION_COMMIT,SOURCE
agent/p4-a1-reconcile-crawl-authority-v1,5508fce02ba5396b5d5a55870f1f879c1f32e8e0,92207e8fe7cc445c7426218da06b0b064f9df941,observed-dev-reconciliation-20260807.1,A1_RECON_20260807_01,P4_RAW_OBSERVED_20260806_01,crawl/src/p4_crawl/config.py,M,e7967686c13b5202a505d139cde2eb4eb782efae,826ea71ae2fc771485c855d6e307c63eb24e4495,SOURCE_CODE,CRAWL_HANDOFF,Audited crawl source/control/test authority selected over integration drift.,A1,IMPORTED,CONSUME_RECONCILIATION_COMMIT,SOURCE
agent/p4-a1-reconcile-crawl-authority-v1,5508fce02ba5396b5d5a55870f1f879c1f32e8e0,92207e8fe7cc445c7426218da06b0b064f9df941,observed-dev-reconciliation-20260807.1,A1_RECON_20260807_01,P4_RAW_OBSERVED_20260806_01,crawl/src/p4_crawl/coverage.py,M,e0cae3d7816db92af7af1d30a77c7fcbd742fe15,ff8d2954938441fc37ec02d5c27736e6f474bf54,SOURCE_CODE,CRAWL_HANDOFF,Audited crawl source/control/test authority selected over integration drift.,A1,IMPORTED,CONSUME_RECONCILIATION_COMMIT,SOURCE
agent/p4-a1-reconcile-crawl-authority-v1,5508fce02ba5396b5d5a55870f1f879c1f32e8e0,92207e8fe7cc445c7426218da06b0b064f9df941,observed-dev-reconciliation-20260807.1,A1_RECON_20260807_01,P4_RAW_OBSERVED_20260806_01,crawl/src/p4_crawl/detail.py,M,c782a4c83456d3d2f80424dac3657668e1e93747,8501c0c488f9f2b2208e6d5b8455b5f50b71793a,SOURCE_CODE,CRAWL_HANDOFF,Audited crawl source/control/test authority selected over integration drift.,A1,IMPORTED,CONSUME_RECONCILIATION_COMMIT,SOURCE
agent/p4-a1-reconcile-crawl-authority-v1,5508fce02ba5396b5d5a55870f1f879c1f32e8e0,92207e8fe7cc445c7426218da06b0b064f9df941,observed-dev-reconciliation-20260807.1,A1_RECON_20260807_01,P4_RAW_OBSERVED_20260806_01,crawl/src/p4_crawl/frontier.py,M,06515cba9b7aee7cafeb162cf2434f123aa798fe,f4178d649453d3ebabee7ebf9eae4ffba4738105,SOURCE_CODE,CRAWL_HANDOFF,Audited crawl source/control/test authority selected over integration drift.,A1,IMPORTED,CONSUME_RECONCILIATION_COMMIT,SOURCE
agent/p4-a1-reconcile-crawl-authority-v1,5508fce02ba5396b5d5a55870f1f879c1f32e8e0,92207e8fe7cc445c7426218da06b0b064f9df941,observed-dev-reconciliation-20260807.1,A1_RECON_20260807_01,P4_RAW_OBSERVED_20260806_01,crawl/src/p4_crawl/index_orchestrator.py,A,,a5de6e8d1428c1a3394f2a89670fb2d57bbb48b2,SOURCE_CODE,CRAWL_HANDOFF,Audited crawl source/control/test authority selected over integration drift.,A1,IMPORTED,CONSUME_RECONCILIATION_COMMIT,SOURCE
agent/p4-a1-reconcile-crawl-authority-v1,5508fce02ba5396b5d5a55870f1f879c1f32e8e0,92207e8fe7cc445c7426218da06b0b064f9df941,observed-dev-reconciliation-20260807.1,A1_RECON_20260807_01,P4_RAW_OBSERVED_20260806_01,crawl/src/p4_crawl/observed.py,M,21d048f2a4aba3cd5cef242f34029405cbcb16ae,4b015428092782ef085c57fe7999689563d592f5,SOURCE_CODE,CRAWL_HANDOFF,Audited crawl source/control/test authority selected over integration drift.,A1,IMPORTED,CONSUME_RECONCILIATION_COMMIT,SOURCE
agent/p4-a1-reconcile-crawl-authority-v1,5508fce02ba5396b5d5a55870f1f879c1f32e8e0,92207e8fe7cc445c7426218da06b0b064f9df941,observed-dev-reconciliation-20260807.1,A1_RECON_20260807_01,P4_RAW_OBSERVED_20260806_01,crawl/src/p4_crawl/policy.py,M,acc518b6efcef5e4a1f06596bf73e5814023f2d9,d917221176221b17f5636e924e28019f10ae7aa6,SOURCE_CODE,CRAWL_HANDOFF,Audited crawl source/control/test authority selected over integration drift.,A1,IMPORTED,CONSUME_RECONCILIATION_COMMIT,SOURCE
agent/p4-a1-reconcile-crawl-authority-v1,5508fce02ba5396b5d5a55870f1f879c1f32e8e0,92207e8fe7cc445c7426218da06b0b064f9df941,observed-dev-reconciliation-20260807.1,A1_RECON_20260807_01,P4_RAW_OBSERVED_20260806_01,crawl/src/p4_crawl/release.py,M,3620999ac26f884468dc97238a071dc3eaebb96f,c5cc36fef890b77044ba94e2787129555f1db873,SOURCE_CODE,CRAWL_HANDOFF,Audited crawl source/control/test authority selected over integration drift.,A1,IMPORTED,CONSUME_RECONCILIATION_COMMIT,SOURCE
agent/p4-a1-reconcile-crawl-authority-v1,5508fce02ba5396b5d5a55870f1f879c1f32e8e0,92207e8fe7cc445c7426218da06b0b064f9df941,observed-dev-reconciliation-20260807.1,A1_RECON_20260807_01,P4_RAW_OBSERVED_20260806_01,crawl/src/p4_crawl/stage.py,M,b95258c41253cb3f5cbcbfa81ce76172bdbdfba9,5dba7a0a1961d06848498627eba3efd8beb55246,SOURCE_CODE,CRAWL_HANDOFF,Audited crawl source/control/test authority selected over integration drift.,A1,IMPORTED,CONSUME_RECONCILIATION_COMMIT,SOURCE
agent/p4-a1-reconcile-crawl-authority-v1,5508fce02ba5396b5d5a55870f1f879c1f32e8e0,92207e8fe7cc445c7426218da06b0b064f9df941,observed-dev-reconciliation-20260807.1,A1_RECON_20260807_01,P4_RAW_OBSERVED_20260806_01,crawl/src/p4_crawl/storage.py,M,bab100e6c53ad8c7be72f8d225161e6b56197249,6e2c7a965fd268dc34013ac7e39b1895cddc4637,SOURCE_CODE,CRAWL_HANDOFF,Audited crawl source/control/test authority selected over integration drift.,A1,IMPORTED,CONSUME_RECONCILIATION_COMMIT,SOURCE
agent/p4-a1-reconcile-crawl-authority-v1,5508fce02ba5396b5d5a55870f1f879c1f32e8e0,92207e8fe7cc445c7426218da06b0b064f9df941,observed-dev-reconciliation-20260807.1,A1_RECON_20260807_01,P4_RAW_OBSERVED_20260806_01,crawl/src/p4_crawl/validator.py,A,,3bf95b2afc42249a65806437a430433c42279c52,SOURCE_CODE,CRAWL_HANDOFF,Audited crawl source/control/test authority selected over integration drift.,A1,IMPORTED,CONSUME_RECONCILIATION_COMMIT,SOURCE
agent/p4-a1-reconcile-crawl-authority-v1,5508fce02ba5396b5d5a55870f1f879c1f32e8e0,92207e8fe7cc445c7426218da06b0b064f9df941,observed-dev-reconciliation-20260807.1,A1_RECON_20260807_01,P4_RAW_OBSERVED_20260806_01,crawl/tests/test_activity_text_fallback.py,A,,9b2cb9eeba9481dcbbf0b534459fd9c378da53e1,SOURCE_CODE,CRAWL_HANDOFF,Audited crawl source/control/test authority selected over integration drift.,A1,IMPORTED,CONSUME_RECONCILIATION_COMMIT,SOURCE
agent/p4-a1-reconcile-crawl-authority-v1,5508fce02ba5396b5d5a55870f1f879c1f32e8e0,92207e8fe7cc445c7426218da06b0b064f9df941,observed-dev-reconciliation-20260807.1,A1_RECON_20260807_01,P4_RAW_OBSERVED_20260806_01,crawl/tests/test_assets.py,M,85a54d19124d01b78c687404dea5974f249a445c,466fe52430f79bfb5dbce59de1c3262d97e74451,SOURCE_CODE,CRAWL_HANDOFF,Audited crawl source/control/test authority selected over integration drift.,A1,IMPORTED,CONSUME_RECONCILIATION_COMMIT,SOURCE
agent/p4-a1-reconcile-crawl-authority-v1,5508fce02ba5396b5d5a55870f1f879c1f32e8e0,92207e8fe7cc445c7426218da06b0b064f9df941,observed-dev-reconciliation-20260807.1,A1_RECON_20260807_01,P4_RAW_OBSERVED_20260806_01,crawl/tests/test_detail_fallback.py,D,b03bad62c78dd4996cae3bf626197e33daebb2b5,,STALE,INTEGRATION_RETAINED,Crawl handoff deletion was not replayed; prior artifact remains for lineage.,A1,SUPERSEDED_RETAINED,RETAIN_UNTIL_A3_SUPERSEDES,SOURCE
agent/p4-a1-reconcile-crawl-authority-v1,5508fce02ba5396b5d5a55870f1f879c1f32e8e0,92207e8fe7cc445c7426218da06b0b064f9df941,observed-dev-reconciliation-20260807.1,A1_RECON_20260807_01,P4_RAW_OBSERVED_20260806_01,crawl/tests/test_frontier.py,M,0c5a105e9dc584b97fd5f952857e847c6c1d81d5,2dcd64c0f109649a51afa1f658e7bcad104ef1c4,SOURCE_CODE,CRAWL_HANDOFF,Audited crawl source/control/test authority selected over integration drift.,A1,IMPORTED,CONSUME_RECONCILIATION_COMMIT,SOURCE
agent/p4-a1-reconcile-crawl-authority-v1,5508fce02ba5396b5d5a55870f1f879c1f32e8e0,92207e8fe7cc445c7426218da06b0b064f9df941,observed-dev-reconciliation-20260807.1,A1_RECON_20260807_01,P4_RAW_OBSERVED_20260806_01,crawl/tests/test_index_orchestrator.py,A,,47cdfa99146373669d2e1b4250598492fd3c3f85,SOURCE_CODE,CRAWL_HANDOFF,Audited crawl source/control/test authority selected over integration drift.,A1,IMPORTED,CONSUME_RECONCILIATION_COMMIT,SOURCE
agent/p4-a1-reconcile-crawl-authority-v1,5508fce02ba5396b5d5a55870f1f879c1f32e8e0,92207e8fe7cc445c7426218da06b0b064f9df941,observed-dev-reconciliation-20260807.1,A1_RECON_20260807_01,P4_RAW_OBSERVED_20260806_01,crawl/tests/test_policy.py,M,61011c4a207085a85990006b6f9a812b07cf5c32,586d704de5c0f55a46db4d8f94ce1a8e5696f3ed,SOURCE_CODE,CRAWL_HANDOFF,Audited crawl source/control/test authority selected over integration drift.,A1,IMPORTED,CONSUME_RECONCILIATION_COMMIT,SOURCE
agent/p4-a1-reconcile-crawl-authority-v1,5508fce02ba5396b5d5a55870f1f879c1f32e8e0,92207e8fe7cc445c7426218da06b0b064f9df941,observed-dev-reconciliation-20260807.1,A1_RECON_20260807_01,P4_RAW_OBSERVED_20260806_01,crawl/tests/test_release.py,M,b0f050c300175b81b77dfdff0bbc0817317bb7b2,a7e31aa554cb46286c3b6a2cd41d9810656ac6b6,SOURCE_CODE,CRAWL_HANDOFF,Audited crawl source/control/test authority selected over integration drift.,A1,IMPORTED,CONSUME_RECONCILIATION_COMMIT,SOURCE
agent/p4-a1-reconcile-crawl-authority-v1,5508fce02ba5396b5d5a55870f1f879c1f32e8e0,92207e8fe7cc445c7426218da06b0b064f9df941,observed-dev-reconciliation-20260807.1,A1_RECON_20260807_01,P4_RAW_OBSERVED_20260806_01,crawl/tests/test_runtime_lock.py,A,,c82a6387e3850cd6b98ba7d8716d6e0480143648,SOURCE_CODE,CRAWL_HANDOFF,Audited crawl source/control/test authority selected over integration drift.,A1,IMPORTED,CONSUME_RECONCILIATION_COMMIT,SOURCE
agent/p4-a1-reconcile-crawl-authority-v1,5508fce02ba5396b5d5a55870f1f879c1f32e8e0,92207e8fe7cc445c7426218da06b0b064f9df941,observed-dev-reconciliation-20260807.1,A1_RECON_20260807_01,P4_RAW_OBSERVED_20260806_01,crawl/tests/test_stage.py,A,,1554a4dff159560777c799fbb7dd04550e0143cb,SOURCE_CODE,CRAWL_HANDOFF,Audited crawl source/control/test authority selected over integration drift.,A1,IMPORTED,CONSUME_RECONCILIATION_COMMIT,SOURCE
agent/p4-a1-reconcile-crawl-authority-v1,5508fce02ba5396b5d5a55870f1f879c1f32e8e0,92207e8fe7cc445c7426218da06b0b064f9df941,observed-dev-reconciliation-20260807.1,A1_RECON_20260807_01,P4_RAW_OBSERVED_20260806_01,crawl/tests/test_validator.py,A,,3119e43e9d9ac9d719421040822cd69d39ead303,SOURCE_CODE,CRAWL_HANDOFF,Audited crawl source/control/test authority selected over integration drift.,A1,IMPORTED,CONSUME_RECONCILIATION_COMMIT,SOURCE
