branch,baseCommit,headCommit,dataVersion,runId,rawStorageRootId,rawPostingId,storageRootId,objectLocatorRelative,expectedContentSha256,observedCompressedSha256,observedContentSha256,expectedContentByteCount,observedContentByteCount,availabilityStatus,downstreamConsumable
agent/p4-a1-reconcile-crawl-authority-v1,5508fce02ba5396b5d5a55870f1f879c1f32e8e0,92207e8fe7cc445c7426218da06b0b064f9df941,observed-dev-reconciliation-20260807.1,A1_RECON_20260807_01,P4_RAW_OBSERVED_20260806_01,57020,P4_RAW_OBSERVED_20260806_01,data/raw/linkareer/detail/2021/03/a0f7f6bfcd41b03c22c084e088cef880c070e50b43202e5825fe0df2c1ed44f5.html.gz,a0f7f6bfcd41b03c22c084e088cef880c070e50b43202e5825fe0df2c1ed44f5,156ed9dea632d1411234163aee68d97b37166b75556ed257bbab7c00f8dcdd90,a0f7f6bfcd41b03c22c084e088cef880c070e50b43202e5825fe0df2c1ed44f5,153615,153615,AVAILABLE,True
agent/p4-a1-reconcile-crawl-authority-v1,5508fce02ba5396b5d5a55870f1f879c1f32e8e0,92207e8fe7cc445c7426218da06b0b064f9df941,observed-dev-reconciliation-20260807.1,A1_RECON_20260807_01,P4_RAW_OBSERVED_20260806_01,57035,P4_RAW_OBSERVED_20260806_01,data/raw/linkareer/detail/2021/03/8ff4fe824127a32632db38de0ca0d70133a47688dafab770fabacc49266f1dc2.html.gz,8ff4fe824127a32632db38de0ca0d70133a47688dafab770fabacc49266f1dc2,dd0390803ca128cf4622afcffa4931049bcc8d71c0c56aeb934d3523d1e88645,8ff4fe824127a32632db38de0ca0d70133a47688dafab770fabacc49266f1dc2,169284,169284,AVAILABLE,True
agent/p4-a1-reconcile-crawl-authority-v1,5508fce02ba5396b5d5a55870f1f879c1f32e8e0,92207e8fe7cc445c7426218da06b0b064f9df941,observed-dev-reconciliation-20260807.1,A1_RECON_20260807_01,P4_RAW_OBSERVED_20260806_01,57076,P4_RAW_OBSERVED_20260806_01,data/raw/linkareer/detail/2021/03/ee961629b7cb1352379fb838b0c8923da1edc3fe21f116fa96bb852d1371ef58.html.gz,ee961629b7cb1352379fb838b0c8923da1edc3fe21f116fa96bb852d1371ef58,803b36541ac4fdaa4fe27ed8f73391c1c7e2a3338910c28108666d59115986b2,ee961629b7cb1352379fb838b0c8923da1edc3fe21f116fa96bb852d1371ef58,167152,167152,AVAILABLE,True
agent/p4-a1-reconcile-crawl-authority-v1,5508fce02ba5396b5d5a55870f1f879c1f32e8e0,92207e8fe7cc445c7426218da06b0b064f9df941,observed-dev-reconciliation-20260807.1,A1_RECON_20260807_01,P4_RAW_OBSERVED_20260806_01,57112,P4_RAW_OBSERVED_20260806_01,data/raw/linkareer/detail/2021/03/7db73da84d23a74e52678c65d425473d9cc20ef2cf61c450034dbb0d56e5e23a.html.gz,7db73da84d23a74e52678c65d425473d9cc20ef2cf61c450034dbb0d56e5e23a,52dd3958cbc4a63a5630ec1f418e3a8ccaa72a74e3a6251a242cb552dec4423d,7db73da84d23a74e52678c65d425473d9cc20ef2cf61c450034dbb0d56e5e23a,153948,153948,AVAILABLE,True
agent/p4-a1-reconcile-crawl-authority-v1,5508fce02ba5396b5d5a55870f1f879c1f32e8e0,92207e8fe7cc445c7426218da06b0b064f9df941,observed-dev-reconciliation-20260807.1,A1_RECON_20260807_01,P4_RAW_OBSERVED_20260806_01,57113,P4_RAW_OBSERVED_20260806_01,data/raw/linkareer/detail/2021/03/d08c890ca45f916f6a478e8e18b7aa99734b06056bf3e3c4ec3f55ee2dabf79a.html.gz,d08c890ca45f916f6a478e8e18b7aa99734b06056bf3e3c4ec3f55ee2dabf79a,4365a5ca40f9259e6455ce8ba23579db848e28e6aed2cafe74b1b4279b8537ca,d08c890ca45f916f6a478e8e18b7aa99734b06056bf3e3c4ec3f55ee2dabf79a,164519,164519,AVAILABLE,True
agent/p4-a1-reconcile-crawl-authority-v1,5508fce02ba5396b5d5a55870f1f879c1f32e8e0,92207e8fe7cc445c7426218da06b0b064f9df941,observed-dev-reconciliation-20260807.1,A1_RECON_20260807_01,P4_RAW_OBSERVED_20260806_01,57115,P4_RAW_OBSERVED_20260806_01,data/raw/linkareer/detail/2021/03/e3f52a11f77022683614769c0324bfa12cf1da362e3d981d329069a5c39a9586.html.gz,e3f52a11f77022683614769c0324bfa12cf1da362e3d981d329069a5c39a9586,770abe44a215a5823dbcd5d8673c94a624321657452a4f23829924709109e459,e3f52a11f77022683614769c0324bfa12cf1da362e3d981d329069a5c39a9586,152570,152570,AVAILABLE,True
agent/p4-a1-reconcile-crawl-authority-v1,5508fce02ba5396b5d5a55870f1f879c1f32e8e0,92207e8fe7cc445c7426218da06b0b064f9df941,observed-dev-reconciliation-20260807.1,A1_RECON_20260807_01,P4_RAW_OBSERVED_20260806_01,57118,P4_RAW_OBSERVED_20260806_01,data/raw/linkareer/detail/2021/03/c2299f7e64e79925acf706cfbb45fb02e26a58a42f89d9b5608c6e11cd019a5c.html.gz,c2299f7e64e79925acf706cfbb45fb02e26a58a42f89d9b5608c6e11cd019a5c,2acade76d9cbc9ad72072897f8b44ceb79575edbe27b703db4b6a32fb67d7992,c2299f7e64e79925acf706cfbb45fb02e26a58a42f89d9b5608c6e11cd019a5c,168510,168510,AVAILABLE,True
agent/p4-a1-reconcile-crawl-authority-v1,5508fce02ba5396b5d5a55870f1f879c1f32e8e0,92207e8fe7cc445c7426218da06b0b064f9df941,observed-dev-reconciliation-20260807.1,A1_RECON_20260807_01,P4_RAW_OBSERVED_20260806_01,57144,P4_RAW_OBSERVED_20260806_01,data/raw/linkareer/detail/2021/03/ce884e1d66cb468009f39e1abc88965ff7b027789ba8f56722201c7deb2be441.html.gz,ce884e1d66cb468009f39e1abc88965ff7b027789ba8f56722201c7deb2be441,85a88103d800aeb900e13d945b6790e13d4b0d6f1ba104c9b1e6872d4a6c9014,ce884e1d66cb468009f39e1abc88965ff7b027789ba8f56722201c7deb2be441,157181,157181,AVAILABLE,True
agent/p4-a1-reconcile-crawl-authority-v1,5508fce02ba5396b5d5a55870f1f879c1f32e8e0,92207e8fe7cc445c7426218da06b0b064f9df941,observed-dev-reconciliation-20260807.1,A1_RECON_20260807_01,P4_RAW_OBSERVED_20260806_01,57185,P4_RAW_OBSERVED_20260806_01,data/raw/linkareer/detail/2021/03/d0fd7ac43a7dc7136bb6868b97a6db5d2d80efed0a18dd5d94e4eab902a2496e.html.gz,d0fd7ac43a7dc7136bb6868b97a6db5d2d80efed0a18dd5d94e4eab902a2496e,7f3741c29b0ac7244266d26269521d7f57b5099a0fbba1aa909d1d6f1f19a4e0,d0fd7ac43a7dc7136bb6868b97a6db5d2d80efed0a18dd5d94e4eab902a2496e,166729,166729,AVAILABLE,True
agent/p4-a1-reconcile-crawl-authority-v1,5508fce02ba5396b5d5a55870f1f879c1f32e8e0,92207e8fe7cc445c7426218da06b0b064f9df941,observed-dev-reconciliation-20260807.1,A1_RECON_20260807_01,P4_RAW_OBSERVED_20260806_01,57188,P4_RAW_OBSERVED_20260806_01,data/raw/linkareer/detail/2021/03/9729485d93c130d3d69d3000dd665cafb0351553afce27affc1aba099ed9da2c.html.gz,9729485d93c130d3d69d3000dd665cafb0351553afce27affc1aba099ed9da2c,fc608961945b557176d2c2018869145ad8e413de8d02acc90e461d6235c4f3d3,9729485d93c130d3d69d3000dd665cafb0351553afce27affc1aba099ed9da2c,161597,161597,AVAILABLE,True
agent/p4-a1-reconcile-crawl-authority-v1,5508fce02ba5396b5d5a55870f1f879c1f32e8e0,92207e8fe7cc445c7426218da06b0b064f9df941,observed-dev-reconciliation-20260807.1,A1_RECON_20260807_01,P4_RAW_OBSERVED_20260806_01,57189,P4_RAW_OBSERVED_20260806_01,data/raw/linkareer/detail/2021/03/81c58897baaa45ac4d54f1f5bd8461f520cf987eb6e4b65b4ddef50e06af00ae.html.gz,81c58897baaa45ac4d54f1f5bd8461f520cf987eb6e4b65b4ddef50e06af00ae,c09231be84de3e22f4e16c9ca1ed7d6ffbf26df6fa94d5d485e58282dba1ec70,81c58897baaa45ac4d54f1f5bd8461f520cf987eb6e4b65b4ddef50e06af00ae,156771,156771,AVAILABLE,True
agent/p4-a1-reconcile-crawl-authority-v1,5508fce02ba5396b5d5a55870f1f879c1f32e8e0,92207e8fe7cc445c7426218da06b0b064f9df941,observed-dev-reconciliation-20260807.1,A1_RECON_20260807_01,P4_RAW_OBSERVED_20260806_01,57190,P4_RAW_OBSERVED_20260806_01,data/raw/linkareer/detail/2021/03/99f405607ec50d6c024257f59aec7fbcd1b590dabb26efb833a1ec0fd79e8709.html.gz,99f405607ec50d6c024257f59aec7fbcd1b590dabb26efb833a1ec0fd79e8709,b7edaf14b3e32c3cec034994598030408b406e29f1449843794f704407da83c8,99f405607ec50d6c024257f59aec7fbcd1b590dabb26efb833a1ec0fd79e8709,156925,156925,AVAILABLE,True
agent/p4-a1-reconcile-crawl-authority-v1,5508fce02ba5396b5d5a55870f1f879c1f32e8e0,92207e8fe7cc445c7426218da06b0b064f9df941,observed-dev-reconciliation-20260807.1,A1_RECON_20260807_01,P4_RAW_OBSERVED_20260806_01,57191,P4_RAW_OBSERVED_20260806_01,data/raw/linkareer/detail/2021/03/8217c0cb258250ceb09e6d832b2dfaa9d6a179da984b0ee3f77b7ba680111219.html.gz,8217c0cb258250ceb09e6d832b2dfaa9d6a179da984b0ee3f77b7ba680111219,67c748935bd988a67d625afe42650b73e63318a383b290dbee01f54ec0372073,8217c0cb258250ceb09e6d832b2dfaa9d6a179da984b0ee3f77b7ba680111219,167092,167092,AVAILABLE,True
agent/p4-a1-reconcile-crawl-authority-v1,5508fce02ba5396b5d5a55870f1f879c1f32e8e0,92207e8fe7cc445c7426218da06b0b064f9df941,observed-dev-reconciliation-20260807.1,A1_RECON_20260807_01,P4_RAW_OBSERVED_20260806_01,57192,P4_RAW_OBSERVED_20260806_01,data/raw/linkareer/detail/2021/03/c4d68db9d9cce3e798276d64c22765f5bfa71b5acf665740661e525f32a2490d.html.gz,c4d68db9d9cce3e798276d64c22765f5bfa71b5acf665740661e525f32a2490d,684ca09d868931608f801dd7a2cd36b08dfe8a776ffa355a9aa15a08831dc19b,c4d68db9d9cce3e798276d64c22765f5bfa71b5acf665740661e525f32a2490d,156733,156733,AVAILABLE,True
agent/p4-a1-reconcile-crawl-authority-v1,5508fce02ba5396b5d5a55870f1f879c1f32e8e0,92207e8fe7cc445c7426218da06b0b064f9df941,observed-dev-reconciliation-20260807.1,A1_RECON_20260807_01,P4_RAW_OBSERVED_20260806_01,57199,P4_RAW_OBSERVED_20260806_01,data/raw/linkareer/detail/2021/03/da0b99ea90071cd7b506bc6ee3da0aeaf5050ff318927c31de1892217550ff97.html.gz,da0b99ea90071cd7b506bc6ee3da0aeaf5050ff318927c31de1892217550ff97,40fc4f41e838c5b51e64a1c65877b05ee68950f6f61c227d2399e8530b728cbf,da0b99ea90071cd7b506bc6ee3da0aeaf5050ff318927c31de1892217550ff97,160127,160127,AVAILABLE,True
agent/p4-a1-reconcile-crawl-authority-v1,5508fce02ba5396b5d5a55870f1f879c1f32e8e0,92207e8fe7cc445c7426218da06b0b064f9df941,observed-dev-reconciliation-20260807.1,A1_RECON_20260807_01,P4_RAW_OBSERVED_20260806_01,57201,P4_RAW_OBSERVED_20260806_01,data/raw/linkareer/detail/2021/03/48bfccdccf17ae2e62d7148a276de80d02ed4543a959a293e0a9561bc722a109.html.gz,48bfccdccf17ae2e62d7148a276de80d02ed4543a959a293e0a9561bc722a109,80dd503d9123b0e6bd95d5bf38b302fdd7769bb64f4b3bee42ddedac447f90c1,48bfccdccf17ae2e62d7148a276de80d02ed4543a959a293e0a9561bc722a109,156886,156886,AVAILABLE,True
agent/p4-a1-reconcile-crawl-authority-v1,5508fce02ba5396b5d5a55870f1f879c1f32e8e0,92207e8fe7cc445c7426218da06b0b064f9df941,observed-dev-reconciliation-20260807.1,A1_RECON_20260807_01,P4_RAW_OBSERVED_20260806_01,57295,P4_RAW_OBSERVED_20260806_01,data/raw/linkareer/detail/2021/03/2a61d0d2fa856c8d1a53d3858581e08c01c6d4411f77c304469b1eafccd9ef8e.html.gz,2a61d0d2fa856c8d1a53d3858581e08c01c6d4411f77c304469b1eafccd9ef8e,129adbc3184b6d0a167f989ec862cd48c8eda59aba3ab8613ed6f5d790e03867,2a61d0d2fa856c8d1a53d3858581e08c01c6d4411f77c304469b1eafccd9ef8e,156267,156267,AVAILABLE,True
agent/p4-a1-reconcile-crawl-authority-v1,5508fce02ba5396b5d5a55870f1f879c1f32e8e0,92207e8fe7cc445c7426218da06b0b064f9df941,observed-dev-reconciliation-20260807.1,A1_RECON_20260807_01,P4_RAW_OBSERVED_20260806_01,57296,P4_RAW_OBSERVED_20260806_01,data/raw/linkareer/detail/2021/03/252071e38ccf4dc50b8b8f870adb8c90a47c1aa85261b92e0d02f1869adf0706.html.gz,252071e38ccf4dc50b8b8f870adb8c90a47c1aa85261b92e0d02f1869adf0706,246e07a17bf3281cb3a8e8bcce6f3b30fbd6f80c0d51acc827af44bf559b6c9f,252071e38ccf4dc50b8b8f870adb8c90a47c1aa85261b92e0d02f1869adf0706,156665,156665,AVAILABLE,True
agent/p4-a1-reconcile-crawl-authority-v1,5508fce02ba5396b5d5a55870f1f879c1f32e8e0,92207e8fe7cc445c7426218da06b0b064f9df941,observed-dev-reconciliation-20260807.1,A1_RECON_20260807_01,P4_RAW_OBSERVED_20260806_01,57298,P4_RAW_OBSERVED_20260806_01,data/raw/linkareer/detail/2021/03/3aa417eef672a56fcce159a0176393dc4df1cafbb86b5d5a9e827ad8a3e15c3c.html.gz,3aa417eef672a56fcce159a0176393dc4df1cafbb86b5d5a9e827ad8a3e15c3c,11e8412bbccebea8c0f79cc6759827305bd3572fa782d0011f4c9fbb8ff58f2a,3aa417eef672a56fcce159a0176393dc4df1cafbb86b5d5a9e827ad8a3e15c3c,156858,156858,AVAILABLE,True
agent/p4-a1-reconcile-crawl-authority-v1,5508fce02ba5396b5d5a55870f1f879c1f32e8e0,92207e8fe7cc445c7426218da06b0b064f9df941,observed-dev-reconciliation-20260807.1,A1_RECON_20260807_01,P4_RAW_OBSERVED_20260806_01,57306,P4_RAW_OBSERVED_20260806_01,data/raw/linkareer/detail/2021/03/024b8ce6b7b2eb9d8c05f4aa05b95af611d8f1ab8732ce01cdd0d2ea31d7f842.html.gz,024b8ce6b7b2eb9d8c05f4aa05b95af611d8f1ab8732ce01cdd0d2ea31d7f842,0b637347f5b03c85946a5a56e99ae6bef5dc8c2b33c71fbeadd407b7a660c289,024b8ce6b7b2eb9d8c05f4aa05b95af611d8f1ab8732ce01cdd0d2ea31d7f842,157220,157220,AVAILABLE,True
agent/p4-a1-reconcile-crawl-authority-v1,5508fce02ba5396b5d5a55870f1f879c1f32e8e0,92207e8fe7cc445c7426218da06b0b064f9df941,observed-dev-reconciliation-20260807.1,A1_RECON_20260807_01,P4_RAW_OBSERVED_20260806_01,57405,P4_RAW_OBSERVED_20260806_01,data/raw/linkareer/detail/2021/03/3920d98d42e92c2f8a3065c652f5c6aa0af998c44cb1eea704ed4b0c4f76e029.html.gz,3920d98d42e92c2f8a3065c652f5c6aa0af998c44cb1eea704ed4b0c4f76e029,86fd8403760964e13b33786f3f4b7ad40422f61e9ef8a0596ddd75a02fa6303a,3920d98d42e92c2f8a3065c652f5c6aa0af998c44cb1eea704ed4b0c4f76e029,169217,169217,AVAILABLE,True
agent/p4-a1-reconcile-crawl-authority-v1,5508fce02ba5396b5d5a55870f1f879c1f32e8e0,92207e8fe7cc445c7426218da06b0b064f9df941,observed-dev-reconciliation-20260807.1,A1_RECON_20260807_01,P4_RAW_OBSERVED_20260806_01,57408,P4_RAW_OBSERVED_20260806_01,data/raw/linkareer/detail/2021/03/12e0924a97fe7285d589855275772931a5ffca47c569b633d19fae18953ebb74.html.gz,12e0924a97fe7285d589855275772931a5ffca47c569b633d19fae18953ebb74,f372b5b5bcbd143f7eaa187ce9ce486e6f42c8732234368a6494d6a36e56c941,12e0924a97fe7285d589855275772931a5ffca47c569b633d19fae18953ebb74,160848,160848,AVAILABLE,True
agent/p4-a1-reconcile-crawl-authority-v1,5508fce02ba5396b5d5a55870f1f879c1f32e8e0,92207e8fe7cc445c7426218da06b0b064f9df941,observed-dev-reconciliation-20260807.1,A1_RECON_20260807_01,P4_RAW_OBSERVED_20260806_01,57409,P4_RAW_OBSERVED_20260806_01,data/raw/linkareer/detail/2021/03/1076179905311c9952bf529fdea2218707afe5f0154573423c981492cbd077e3.html.gz,1076179905311c9952bf529fdea2218707afe5f0154573423c981492cbd077e3,87a60cbf76cf78357d303dbb97f5cbcc6a9bc277debadc4140f2e00e3651a4c1,1076179905311c9952bf529fdea2218707afe5f0154573423c981492cbd077e3,160101,160101,AVAILABLE,True
agent/p4-a1-reconcile-crawl-authority-v1,5508fce02ba5396b5d5a55870f1f879c1f32e8e0,92207e8fe7cc445c7426218da06b0b064f9df941,observed-dev-reconciliation-20260807.1,A1_RECON_20260807_01,P4_RAW_OBSERVED_20260806_01,57464,P4_RAW_OBSERVED_20260806_01,data/raw/linkareer/detail/2021/03/62ec91d3ebd44086bc1a1fe18d28f96e6e7637c3e5ede7f736058126db4ff836.html.gz,62ec91d3ebd44086bc1a1fe18d28f96e6e7637c3e5ede7f736058126db4ff836,e8b92567dbd1af09c70354eaf14123bb33639744befa8c8ab9e1b71eddc9f53a,62ec91d3ebd44086bc1a1fe18d28f96e6e7637c3e5ede7f736058126db4ff836,156876,156876,AVAILABLE,True
agent/p4-a1-reconcile-crawl-authority-v1,5508fce02ba5396b5d5a55870f1f879c1f32e8e0,92207e8fe7cc445c7426218da06b0b064f9df941,observed-dev-reconciliation-20260807.1,A1_RECON_20260807_01,P4_RAW_OBSERVED_20260806_01,57465,P4_RAW_OBSERVED_20260806_01,data/raw/linkareer/detail/2021/03/1c85f79dca27d8560c9a93913b8a9cde3fdadd6c0087e1e53c152b3261d0da87.html.gz,1c85f79dca27d8560c9a93913b8a9cde3fdadd6c0087e1e53c152b3261d0da87,7a8de3a95fc7af10387c2dbf20ec9fcece43f46cc3e8ef3b29ef0495c2fe76dd,1c85f79dca27d8560c9a93913b8a9cde3fdadd6c0087e1e53c152b3261d0da87,162040,162040,AVAILABLE,True
agent/p4-a1-reconcile-crawl-authority-v1,5508fce02ba5396b5d5a55870f1f879c1f32e8e0,92207e8fe7cc445c7426218da06b0b064f9df941,observed-dev-reconciliation-20260807.1,A1_RECON_20260807_01,P4_RAW_OBSERVED_20260806_01,57470,P4_RAW_OBSERVED_20260806_01,data/raw/linkareer/detail/2021/03/9c8a94dc686d9d0037d302eca6e393627e7b1979ead256a246d357bca39bedf8.html.gz,9c8a94dc686d9d0037d302eca6e393627e7b1979ead256a246d357bca39bedf8,49d116c7ca9e6feb8427e94aec308c60630944a47eac87eaf37e515560265fc0,9c8a94dc686d9d0037d302eca6e393627e7b1979ead256a246d357bca39bedf8,153054,153054,AVAILABLE,True
agent/p4-a1-reconcile-crawl-authority-v1,5508fce02ba5396b5d5a55870f1f879c1f32e8e0,92207e8fe7cc445c7426218da06b0b064f9df941,observed-dev-reconciliation-20260807.1,A1_RECON_20260807_01,P4_RAW_OBSERVED_20260806_01,57585,P4_RAW_OBSERVED_20260806_01,data/raw/linkareer/detail/2021/03/21f527cc8400414969d11addc767ca96fb751fb6bdeb968e4935c05a130cf1c9.html.gz,21f527cc8400414969d11addc767ca96fb751fb6bdeb968e4935c05a130cf1c9,38786f47c7c3d96e8fae1f7b0fa42678791bbb1aad9b0de4b72c763f2d05fa01,21f527cc8400414969d11addc767ca96fb751fb6bdeb968e4935c05a130cf1c9,157346,157346,AVAILABLE,True
agent/p4-a1-reconcile-crawl-authority-v1,5508fce02ba5396b5d5a55870f1f879c1f32e8e0,92207e8fe7cc445c7426218da06b0b064f9df941,observed-dev-reconciliation-20260807.1,A1_RECON_20260807_01,P4_RAW_OBSERVED_20260806_01,58387,P4_RAW_OBSERVED_20260806_01,data/raw/linkareer/detail/2021/03/66556ee2be76f35e9e8fc26e6b80160f38ea1dd8d15da21ffd6e90db29904030.html.gz,66556ee2be76f35e9e8fc26e6b80160f38ea1dd8d15da21ffd6e90db29904030,29890e296cb6c57cd10a51be84e89f3b9cc583b94a2cc485c672d2dfb5c9560c,66556ee2be76f35e9e8fc26e6b80160f38ea1dd8d15da21ffd6e90db29904030,166496,166496,AVAILABLE,True
agent/p4-a1-reconcile-crawl-authority-v1,5508fce02ba5396b5d5a55870f1f879c1f32e8e0,92207e8fe7cc445c7426218da06b0b064f9df941,observed-dev-reconciliation-20260807.1,A1_RECON_20260807_01,P4_RAW_OBSERVED_20260806_01,58388,P4_RAW_OBSERVED_20260806_01,data/raw/linkareer/detail/2021/03/e0d1a377e43a3b198ea384d2221fd318dc2af5bb659434b08f953cc3d7283232.html.gz,e0d1a377e43a3b198ea384d2221fd318dc2af5bb659434b08f953cc3d7283232,2598cea107f932a06f57e2b93db5f905f03e7c90b0978506bc50575abfe6a609,e0d1a377e43a3b198ea384d2221fd318dc2af5bb659434b08f953cc3d7283232,155271,155271,AVAILABLE,True
